SKU,Product Name,Company,packing,unit,category,Salt,Prescription Drug,mrp,tax,Ailment,class
MED0001,LAN 15MG CAP ,INTAS,1*10,Strip,Capsule,Multivitamins and other minerals+,YES,35,5,Acidity+ulcer,PPI
MED0002,LAN 30MG CAP ,INTAS,1*10,Strip,Capsule,Multivitamins and other minerals+,YES,64.25,5,Acidity+ulcer,PPI
MED0003,ACITROM-1MG TAB ,ABBOTT,1*20,Strip,Tab,,YES,69.24,5,,
MED0004,ACITROM-1MG TAB ,ABBOTT,1*30,Strip,Tab,Clotrimazole,YES,125,5,,
MED0005,ACITROM-2 TAB ,ABBOTT,1*30,Strip,Tab,,YES,198,5,,
MED0006,AMBISTRYN 0.75 GM ,ABBOTT,1VIAL,Strip,Vial,,YES,7.95,5,Infections,Antibiotic
MED0007,AMBISTRYN 1.00 GM ,ABBOTT,1VIAL,Strip,Vial,,YES,9.61,5,Infections,Antibiotic
MED0008,ANACIN TAB ,ABBOTT,1*10,Strip,Tab,Glucometre,YES,14.13,5,Pain,Anagesic
MED0009,ANAFORTAN DROP ,ABBOTT,10ML,Pcs,Drp,Gluco Strips,YES,27.98,5,Spasm,
MED0010,ANAFORTAN SYP ,ABBOTT,30ML,Pcs,Syp,Aceclofenac 200 MG+Rabeprazole 20 MG,YES,36,5,Spasm,
MED0011,ANAFORTAN TAB(10TAB) ,ABBOTT,1*10,Strip,Tab,Aceclofenac + paracetamol,YES,38.61,5,Spasm,
MED0012,ANTRIMA-DS TAB ,ABBOTT,1*10,Strip,Tab,Pantoprazole,YES,13.54,5,Infections,Antibiotic
MED0013,ASCABIOL EMULSION 100 ,ABBOTT,100ML,Pcs,Emulsion,Pantoprazole,YES,55.89,5,Sun Protection,
MED0014,ASCABIOL EMULSION 50 ,ABBOTT,50ML,Pcs,Emulsion,Ranitidine,YES,33.57,5,Sun Protection,
MED0015,AVOMINE TAB ,ABBOTT,1*10,Strip,Tab,Ranitidine,YES,25.99,5,,
MED0016,BACTRIM DS TAB ,ABBOTT,1*10,Strip,Tab,Omeprazole 20 mg+ domperidone 10 mg,YES,12.85,5,Infections,Antibiotic
MED0017,BACTRIM SYP ,ABBOTT,60ML,Pcs,Syp,Omeprazole 20 mg+ domperidone 10 mg,YES,13.71,5,Infections,Antibiotic
MED0018,BECOMAX 100ML SYP ,ABBOTT,100ML,Pcs,Syp,Nicoumalone,YES,32.4,5,,Multivitamins
MED0019,BECOMAX FORTE CAP ,ABBOTT,1*10,Strip,Capsule,Nicoumalone,YES,8.25,5,,
MED0020,BECOZYME-C-FORTE TAB ,ABBOTT,1*15,Strip,Tab,Acenocoumarol,YES,12.76,5,,
MED0021,BENADON TAB40MG ,ABBOTT,1*10,Strip,Tab,Acenocoumarol 2MG,YES,11.95,5,,
MED0022,BETONIN SYP ,ABBOTT,170ML,Pcs,Syp,Nicoumalone,YES,63.45,5,,
MED0023,BRUFEN 400MG TAB ,ABBOTT,1*15,Strip,Tab,Acyclovir,YES,10.12,5,Pain Management,Anagesic
MED0024,BRUFEN 600MG TAB ,ABBOTT,1*15,Strip,Tab,Acyclovir,YES,14.85,5,Pain Management,Anagesic
MED0025,BRUFEN MR CAP ,ABBOTT,1*10,Strip,Capsule,Acyclovir,YES,13.99,5,Pain Management,Anagesic
MED0026,CEFI-O TAB 200MG ,ABBOTT,1*10,Strip,Tab,Salt,YES,108.63,5,Infections,Antibiotic
MED0027,CEFI-XL TAB 200 ,ABBOTT,1*10,Strip,Tab,Multivitamins and other minerals+,YES,112.5,5,Infections,Antibiotic
MED0028,CERTRIZINE TAB-KNOLL ,ABBOTT,1*10,Strip,Tab,Multivitamins and other minerals+,YES,36,5,Urticaria,Anti allergic
MED0029,CREMAFFIN PLUS SYP ,ABBOTT,50ML,Pcs,Syp,,YES,111.47,5,Laxative,Antacid
MED0030,CREMAFFIN SYP (PINK) ,ABBOTT,170ML,Pcs,Syp,Clotrimazole,YES,95.73,5,,Antacid
MED0031,CREMALAX TAB ,ABBOTT,1*10,Strip,Tab,,YES,47.7,5,Laxative,Laxative
MED0032,CROTOREX-HC CREAM ,ABBOTT,10GM,Pcs,Cream,,YES,24.19,5,,
MED0033,DIGENE ASSORTED TAB ,ABBOTT,1*12,Strip,Tab,,YES,10.8,5,Acidity,Antacid
MED0034,DIGENE GEL ORANGE ,ABBOTT,170ML,Pcs,Syp,Glucometre,YES,63.9,5,Acidity,Antacid
MED0035,DIGENE GEL PINK ,ABBOTT,170ML,Pcs,Syp,Gluco Strips,YES,73.71,5,Acidity,Antacid
MED0036,DIGENE GEL SUGAR FREE ,ABBOTT,170ML,Pcs,Syp,Aceclofenac 200 MG+Rabeprazole 20 MG,YES,58.5,5,Acidity,Antacid
MED0037,DIGENE MINT TAB ,ABBOTT,1*12,Strip,Tab,Aceclofenac + paracetamol,YES,10.8,5,Acidity,Antacid
MED0038,DIGENE ORANGE TAB ,ABBOTT,1*12,Strip,Tab,Pantoprazole,YES,10.8,5,Acidity,Antacid
MED0039,DIGENE TAB ,ABBOTT,1*9,Strip,Tab,Pantoprazole,YES,9,5,Acidity,Antacid
MED0040,DIGENE TAB MIX ,ABBOTT,1*12,Strip,Tab,Ranitidine,YES,12,5,Acidity,Antacid
MED0041,DUVADILAN INJ 2ML ,ABBOTT,2ML,Pcs,Inj,Ranitidine,YES,11.48,5,,
MED0042,DUVADILAN RETARD CAP ,ABBOTT,1*10,Strip,Capsule,Omeprazole 20 mg+ domperidone 10 mg,YES,60.3,5,,
MED0043,DUVADILAN TAB10MG ,ABBOTT,1*50,Strip,Tab,Omeprazole 20 mg+ domperidone 10 mg,YES,85.5,5,,
MED0044,EPILEX CHRONO-200 TAB ,ABBOTT,1*10,Strip,Tab,Nicoumalone,YES,48.6,5,,
MED0045,EPILEX CHRONO 300MG ,ABBOTT,1*10,Strip,Tab,Nicoumalone,YES,86.5,5,,
MED0046,EPILEX SYP ,ABBOTT,100ML,Pcs,Syp,Acenocoumarol,YES,60.48,5,,
MED0047,EPTOIN 100MG TAB ,ABBOTT,1*100,Pcs,Tab,Acenocoumarol 2MG,YES,148.12,5,,
MED0048,EPTOIN 50MG ,ABBOTT,1*50,Pcs,Tab,Nicoumalone,YES,140,5,,
MED0049,EPTOIN 50MG TAB ,ABBOTT,1*100,Pcs,Tab,Acyclovir,YES,141.3,5,,
MED0050,EPTOIN INJ ,ABBOTT,2ML,Pcs,Inj,Acyclovir,YES,10.2,5,,
MED0051,EPTOIN SYP ,ABBOTT,200ML,Pcs,Syp,Acyclovir,YES,70.65,5,,
MED0052,ESGIPYRIN TAB ,ABBOTT,1*10,Strip,Tab,Acyclovir,YES,34.65,5,Pain Management,Anagesic
MED0053,ESSENTIALE-L CAP ,ABBOTT,1*10,Strip,Capsule,Clindamycin + nicotinamide,YES,97.65,5,,
MED0054,FLAGYL 200MG TAB ,ABBOTT,1*15,Strip,Tab,Clindamycin + nicotinamide,YES,5.28,5,,
MED0055,FLAGYL 400MG TAB ,ABBOTT,1*15,Strip,Tab,Human Insulin,YES,11.4,5,,
MED0056,FLOXIP TZ TAB ,ABBOTT,1*10,Strip,Tab,Ketorolac tromethamine,YES,63.54,5,Mixed Infection,Antibiotic
MED0057,FOLLIHAIR TAB ,ABBOTT,1*10,Strip,Tab,Sodium carboxymethylcellulose 0.5 ... I-BORIC ,YES,126,5,,
MED0058,GARDENAL 30MG TAB ,ABBOTT,1*20,Strip,Tab,Sodium carboxymethylcellulose 0.5 ... I-BORIC ,YES,30.61,5,,
MED0059,GARDENAL 60MG TAB ,ABBOTT,1*20,Strip,Tab,Nutritional vitamin supplements,YES,31.94,5,,
MED0060,GARDENAL SYP ,ABBOTT,60ML,Pcs,Syp,,YES,23.25,5,,
MED0061,GLIMER 1MG TAB ,ABBOTT,1*10,Strip,Tab,,YES,47.7,5,Hyperglacemia,Anti Diabetic
MED0062,GLIMER 2 TAB ,ABBOTT,1*10,Strip,Tab,,YES,58.86,5,,
MED0063,GLUFORMIN G1 FORTE TAB ,ABBOTT,1*10,Strip,Tab,,YES,41.54,5,,
MED0064,GLUFORMIN XL1000 TAB ,ABBOTT,1*10,Strip,Tab,Amoxycillin + Potassium Clavulanate,YES,35.28,5,,
MED0065,GLUFORMIN XL 500 TAB ,ABBOTT,1*10,Strip,Tab,Amoxycillin + Potassium Clavulanate,YES,20.7,5,,
MED0066,HAEMACCEL IV 500ML ,ABBOTT,500ML,Pcs,IV,Amoxycillin + Potassium Clavulanate,YES,259.8,5,,
MED0067,HYDENT K PASTE 100 ,ABBOTT,100GM,Pcs,Paste,Beclomethasone + Levosalbutamol,YES,62.51,5,,
MED0068,ISMO 20MG ,ABBOTT,1*15,Strip,Tab,Glycerol,YES,49.62,5,,
MED0069,KENACORT INJ ,ABBOTT,1ML,Pcs,Inj,Glycolic-Salicylic acid ,YES,86.04,5,,
MED0070,KENACORT ORAL GEL ,ABBOTT,5GM,Pcs,Oral Gel,Rifampicin + isoniazid,YES,43.2,5,,
MED0071,KENACORT TAB ,ABBOTT,1*10,Strip,Tab,Ethambutol + Isoniazid + Rifampicin,YES,43.2,5,,
MED0072,LIBRAX TAB ,ABBOTT,1*10,Strip,Tab,Isoniazid+ Ethambutol+ Pyrazinamide+ Rifampicin,YES,29.6,5,,
MED0073,LIBRIUM 10MG TAB ,ABBOTT,1*10,Strip,Tab,Rifampicin+ pyrazinamide+ ethambutol and isoniazid ,YES,34.61,5,,
MED0074,LIMCEE 500MG TAB ,ABBOTT,1*15,Strip,Tab,Rifampicin+ pyrazinamide+ ethambutol and isoniazid ,YES,13.81,5,,
MED0075,LOBATE-GM CREAM ,ABBOTT,5GM,Pcs,Cream,Loratadine,YES,44.46,5,,
MED0076,MAXOFEN PLUS TAB ,ABBOTT,1*10,Strip,Tab,Loratadine,YES,8.01,5,,
MED0077,MAZETOL 100MG TAB ,ABBOTT,1*10,Strip,Tab,Salbutamol,YES,6.88,5,,
MED0078,MAZETOL 200MG TAB ,ABBOTT,1*10,Strip,Tab,SPIRONOLACTONE,YES,13.4,5,,
MED0079,MAZETOL 400 TAB ,ABBOTT,1*10,Strip,Tab,SPIRONOLACTONE,YES,24.4,5,,
MED0080,MELAGLOW CREAM 15GM ,ABBOTT,5GM,Pcs,Cream,Cetirizine,YES,234.45,5,,
MED0081,MELALITE-15 CREAM 30GM ,ABBOTT,30GM,Pcs,Cream,Cetirizine,YES,87.03,5,,
MED0082,MELALITE CR.50GM ,ABBOTT,50GM,Pcs,Cream,Cetirizine,YES,107.1,5,,
MED0083,NERVUP INJ ,ABBOTT,1ML,Pcs,Inj,Cetirizine+ Phenylpropanolamine HCL,YES,52.65,5,,
MED0084,NERVUP OD CAP ,ABBOTT,1*10,Strip,Capsule,Cetirizine+ Phenylpropanolamine HCL,YES,105.3,5,,
MED0085,NIPLONAC-FORTE TAB ,ABBOTT,1*10,Strip,Tab,Dextromethorphan.,YES,48.15,5,,
MED0086,ORAHEX PLUS M/WASH ,ABBOTT,50ML,Pcs,M/Wash,Dextromethorphan.,YES,63,5,Mouth wash,Dental Care
MED0087,PARAXIN 250MG CAP ,ABBOTT,250MG,Strip,Capsule,Dextromethorphan.,YES,50.04,5,,
MED0088,PARAXIN 500MG CAP ,ABBOTT,500MG,Strip,Capsule,Dextromethorphan.,YES,57.15,5,,
MED0089,PARAXIN SYP ,ABBOTT,100ML,Pcs,Syp,Dextromethorphan.,YES,71.74,5,,
MED0090,PENTIDS 800 TAB ,ABBOTT,1*4,Strip,Tab,Dextromethorphan.,YES,6.66,5,,
MED0091,PHENERGAN-10 TAB ,ABBOTT,1*10,Strip,Tab,Dextromethorphan.,YES,9.36,5,,
MED0092,PHENERGAN-25 TAB ,ABBOTT,1*10,Strip,Tab,Phenylephrine hydrochloride+ chlorpheniramine maleate+ paracetamol ,YES,20.03,5,,
MED0093,PHENERGAN INJ 2ML ,ABBOTT,2ML,Pcs,Inj,Alfacalcidol,YES,6.01,5,,
MED0094,PHENERGAN SYP ,ABBOTT,100ML,Pcs,Syp,,YES,20.79,5,,
MED0095,PHENSEDYL SYP100 ,ABBOTT,100ML,Pcs,Syp,Fexofenadine,YES,72,5,,
MED0096,PHENSEDYL SYP50 ,ABBOTT,50ML,Pcs,Syp,Fexofenadine,YES,38.03,5,,
MED0097,PHOSFOMIN SYP 200 ,ABBOTT,200ML,Pcs,Syp,Fexofenadine,YES,48.15,5,,
MED0098,PHOSPHOMIN IRON TONIC ,ABBOTT,100ML,Pcs,Syp,Fexofenadine,YES,85.5,5,,
MED0099,PROTHIADEN-75 TAB ,ABBOTT,1*10,Strip,Tab,Fexofenadine,YES,78.3,5,,
MED0100,RESTECLIN-500 CAP ,ABBOTT,1*10,Strip,Capsule,Fexofenadine,YES,15.21,5,,
MED0101,RIVOTRIL 0.5MG TAB ,ABBOTT,1*10,Strip,Tab,Fexofenadine,YES,26.55,5,,
MED0102,RONEMOX 250 CAP ,ABBOTT,1*10,Strip,Capsule,Montelukast(10 mg)+Fexofenadine(120 mg),YES,35.55,5,,
MED0103,RUBRAPLEX SYP 200 ,ABBOTT,200ML,Pcs,Syp,Brimonidine,YES,49.19,5,,
MED0104,SECNIL FORTE TAB ,ABBOTT,1*2,Strip,Tab,Alprazolam,YES,81.9,5,,
MED0105,SORBITRATE 10MG ,ABBOTT,1*50,Strip,Tab,Alprazolam,YES,34.49,5,,
MED0106,SORBITRATE  5MG ,ABBOTT,1*50,Strip,Tab,Alprazolam,YES,37.8,5,,
MED0107,STATOR-20 TAB ,ABBOTT,1*15,Strip,Tab,Guaiphenesin+ dextromethorphan hbr+ phenylpropanolamine hcl,YES,114.48,5,,
MED0108,STEMETIL INJ ,ABBOTT,1ML,Pcs,Inj,Glimepiride,YES,8.08,5,,
MED0109,STEMETIL MD TAB(10TAB) ,ABBOTT,1*10,Strip,Tab,Glimepiride,YES,44.46,5,,
MED0110,STEMETIL MD TAB ,ABBOTT,1*21,Strip,Tab,Glimepiride,YES,70.79,5,,
MED0111,SUGANRIL TAB ,ABBOTT,1*10,Strip,Tab,Glimepiride 1 mg+ metformin 500 mg.,YES,63,5,,
MED0112,SUPERMET XL50 TAB ,ABBOTT,1*10,Strip,Tab,Glimepiride 1 mg+ metformin 1000 mg.,YES,35.64,5,,
MED0113,SUPRADYN TAB ,ABBOTT,1*15,Strip,Tab,Glimepiride 1 mg+ metformin 1000 mg.,YES,17.55,5,,
MED0114,TENORMIN-50 TAB ,ABBOTT,1*10,Strip,Tab,Glimepiride 2 mg+ metformin 1000 mg.,YES,28.8,5,,
MED0115,TETMOSOL SOAP ,ABBOTT,100GM,Pcs,Soap,Glimepiride 2 mg+ metformin 500 mg+ pioglitazone 15 mg,YES,45.48,5,,
MED0116,THYRONORM TAB 100MCG ,ABBOTT,1*100,Pcs,Tab,Glimepiride 2 mg+ metformin 500 mg+ pioglitazone 15 mg,YES,115.79,5,,
MED0117,THYRONORM TAB 12.5MCG ,ABBOTT,1*50,Pcs,Tab,,YES,72.45,5,,
MED0118,THYRONORM TAB 25MCG ,ABBOTT,1*100,Pcs,Tab,streptomycin,YES,131.85,5,,
MED0119,THYRONORM TAB 50MCG ,ABBOTT,1*100,Pcs,Tab,streptomycin,YES,104.9,5,,
MED0120,TIXYLIX SYP ,ABBOTT,60ML,Pcs,Syp,streptomycin,YES,58.41,5,,
MED0121,TOSSEX SYP ,ABBOTT,100ML,Pcs,Syp,Ambroxol,NO,70.92,5,,
MED0122,TRESMOX-CV TAB ,ABBOTT,1*6,Strip,Tab,Ambroxol,YES,18.38,5,,
MED0123,TRIBET-1 TAB ,ABBOTT,1*10,Strip,Tab,Ambroxol,YES,60.41,5,,
MED0124,UDILIV-150 TAB ,ABBOTT,1*10,Strip,Tab,Amlodipine,YES,115.2,5,,
MED0125,UDILIV-300 TAB ,ABBOTT,1*10,Strip,Tab,Amikacin sulphate ,YES,214.2,5,,
MED0126,VERTIN 16MG TAB ,ABBOTT,1*10,Strip,Tab,Amikacin sulphate ,YES,98.1,5,,
MED0127,VERTIN 8MG TAB ,ABBOTT,1*10,Strip,Tab,Amikacin sulphate ,YES,49.5,5,,
MED0128,VITAMIN A CHEW.TAB ,ABBOTT,1*10,Strip,Tab,Frusemide ,YES,6.64,5,,
MED0129,ZOMELIS 50 TAB ,ABBOTT,1*14,Strip,Tab,Amlodipine besylate,YES,269.01,5,,
MED0130,BETONIN SYP ,ABBOTT (GREESHA),1*170ML,Pcs,Syp,Amlodipine,YES,0,5,,
MED0131,PREDNISOLONE E/D (ALCON) ,ABBOTT (GREESHA),5ML,Pcs,E/D,Amlodipine,YES,0,5,,
MED0132,DOXINATE PLUS TAB ,ACESWIZERA,10T,Strip,Tab,Amlodipine,YES,0,5,,
MED0133,COSMELITE CREAM ,ADCOCK INGRAM,20GM,Pcs,Cream,Amlodipine,YES,126,5,,
MED0134,COSVATE-GM CREAM ,ADCOCK INGRAM,5GM,Pcs,Cream,Amlodipine,YES,14.44,5,,
MED0135,G PAN D CAP ,ALARSIN LTD.,1*10,Pcs,Capsule,Amlodipine + Atenolol ,YES,0,5,,
MED0136,CYP L DROP ,ALBERT DAVID,15ML,Strip,Drp,Amlodipine + Atenolol ,YES,0,5,,
MED0137,CYP L SYP ,ALBERT DAVID,200ML,Pcs,Syp,Amlodipine,YES,77.4,5,,
MED0138,FERROCHELATE-XT Drop ,ALBERT DAVID,5ML,Pcs,Drp,Amlodipine + atenolol,YES,41.63,5,,
MED0139,FERROCHELATE-XT SYP ,ALBERT DAVID,50ML,Pcs,Syp,Amlodipine,YES,100.35,5,,
MED0140,PLACENTRAX INJ ,ALBERT DAVID,2ML,Pcs,Inj,Amlodipine,YES,0,5,,
MED0141,PLACENTREX GEL ,ALBERT DAVID,20GM,Pcs,Gel,Amlodipine 5 MG+Atenolol 25 MG,YES,0,5,,
MED0142,ADLIV FORTE CAPS ,ALBERT DAVID LTD.,10,Strip,Capsule,Amlodipine 5 mg+ atenolol 50 mg. ,YES,0,5,,
MED0144,TEARS NATURALE FORTE E/DR ,ALCON,1*10ML,Pcs,Tab,Amlodipine + Lisinopril.,YES,0,5,,
MED0145,ALTHROCIN 250 TAB ,ALEMBIC,1*10Tab,Strip,Tab,Amlodipine + Telmisartan,YES,27,5,,
MED0146,ALTHROCIN 500 TAB ,ALEMBIC,1*10Tab,Strip,Tab,Amlodipine,YES,52.52,5,Infections,Antibiotic
MED0147,ALTHROCIN DROP ,ALEMBIC,10ML,Pcs,Drp,Amlodipine,YES,22.29,5,Infections,Antibiotic
MED0148,ALTHROCIN SYP ,ALEMBIC,60ML,Pcs,Syp,Amlodipine,YES,28.35,5,Infections,Antibiotic
MED0149,AZITHRAL 200MG SYP ,ALEMBIC,1*15ML,Pcs,Syp,Amlodipine+ Atenolol,YES,0,5,Infections,Antibiotic
MED0150,AZITHRAL 500MG TAB ,ALEMBIC,1*3,Strip,Tab,Amlodipine + atenolol,YES,0,5,Infections,Antibiotic
MED0151,AZITHRAL-500 TAB ,ALEMBIC,1*3Tab,Strip,Tab,Ampicillin + cloxacillin,YES,61.79,5,Infections,Antibiotic
MED0152,AZITHRAL SYP 100MG 15ML ,ALEMBIC,15ML,Pcs,Syp,Ampicillin + cloxacillin,YES,0,5,Infections,Antibiotic
MED0153,AZITHRL-XL LIQ.200 ,ALEMBIC,30ML,Pcs,Syp,Ampicillin + cloxacillin,YES,93.6,5,Infections,Antibiotic
MED0154,BROZEET EXP. ,ALEMBIC,100ML,Pcs,Syp,Ampicillin + cloxacillin,YES,58.23,5,Productive Cough,Bronchodialator
MED0155,CHYSIN FORTE TAB ,ALEMBIC,1*20Tab,Strip,Tab,Ampicillin + cloxacillin,YES,220.5,5,,
MED0156,GLYCODIN SYP100 ,ALEMBIC,100ML,Pcs,Syp,Ampicillin + cloxacillin+lactobacillus,NO,0,5,,
MED0157,GLYCODIN SYP50 ,ALEMBIC,50ML,Pcs,Syp,Ampicillin + cloxacillin,NO,0,5,,
MED0158,LIVFIT SYP ,ALEMBIC,200ML,Pcs,Syp,Ampicillin + cloxacillin.,NO,0,5,,
MED0159,LIVFIT TAB ,ALEMBIC,1*10Tab,Strip,Tab,Ampicillin + cloxacillin.,NO,0,5,,
MED0160,MEGADOL TAB ,ALEMBIC,1*10Tab,Strip,Tab,Ampicillin + cloxacillin.,YES,0,5,,
MED0161,NITACURE SYP 30 ,ALEMBIC,30ML,Pcs,Syp,Amlodipine + Atenolol,YES,23.72,5,,
MED0162,ROXID 150MG TAB ,ALEMBIC,1*10Tab,Strip,Tab,Amlodipine + Atenolol,YES,92.09,5,,
MED0163,ROXID SYP ,ALEMBIC,30ML,Pcs,Syp,Amlodipine 2.5mg,YES,43.2,5,,
MED0165,ULGEL-A SYP ,ALEMBIC,200ML,Pcs,Syp,Amlodipine + Atenolol,YES,0,5,,
MED0166,WIKORYL SYP ,ALEMBIC,60ML,Pcs,Syp,Ayurvedic ,YES,0,5,,
MED0167,WIKORYL TAB ,ALEMBIC,1*10Tab,Strip,Tab,camylofin diydrochnoride,YES,0,5,,
MED0168,ZEET EXPT SYP ,ALEMBIC,100ML,Pcs,Syp,camylofin diydrochnoride,YES,53.19,5,Productive Cough,
MED0169,ACELOFLAM PLUS TAB,ALKEM,1*10Tab,Strip,Tab,camylofin diydrochnoride,YES,45.9,5,Pain Management,Anagesic
MED0170,ALDRYL CAP,ALKEM,1*10Cap,Pcs,Capsule,camylofin diydrochnoride,YES,27.68,5,,
MED0171,ALKEM COLD SUSP,ALKEM,60ML,Strip,Susp,Naphazoline+zinc+cpm,YES,28.8,5,,
MED0172,A TO Z DROP,ALKEM,1*15ML,Pcs,Drp,Naphazoline+zinc+cpm,YES,0,5,,
MED0173,A TO Z SYP ,ALKEM,1*100ML,Pcs,Syp,,YES,0,5,,
MED0174,A TO Z TAB ,ALKEM,1*15Tab,Strip,Tab,,YES,0,5,,
MED0175,CEPHALKEM-500 CAP,ALKEM,1*10Cap,Strip,Capsule,,YES,98.33,5,,
MED0176,CLAVAM 375 TAB,ALKEM,1*10Tab,Strip,Tab,,YES,0,5,,
MED0177,CLAVAM 625 TAB,ALKEM,1*10Tab,Strip,Tab,Elemental iron 120 mg+ folic acid 1.5 mg+ cyanocobalamin 12 mcg+ zinc oxide 25mg,YES,0,5,,
MED0178,CLAVAM BID SYP,ALKEM,30ML,Pcs,Syp,Phenylephrine,YES,0,5,,
MED0179,CLAVAM FORTE SYP ,ALKEM,30ML,Pcs,Syp,Alprazolam,YES,0,5,,
MED0180,CLAVAM ORAL DROP ,ALKEM,10ML,Pcs,Drp,Cuminum Cyminum + Cyperus Scariosus + Piper,YES,0,5,,
MED0181,CLAVAM SYP ,ALKEM,30ML,Pcs,Syp,Vitamin A,YES,0,5,,
MED0182,FEMORANGE SYP,ALKEM,200ML,Pcs,Syp,L-Arginine(3g) + Proanthocyanidin(75mg),YES,54.23,5,,
MED0183,FERCEE RED SYP,ALKEM,225ML,Pcs,Syp,L-Arginine(3g) + Proanthocyanidin(75mg),YES,81,5,,
MED0184,HEMFER SYP,ALKEM,200ML,Pcs,Syp,Furazolidone + Metronidazole ,YES,0,5,,
MED0185,IVF NS 100ML(ALKEM) ,ALKEM,100ML,IV,Fluid,Furazolidone + Metronidazole ,YES,8.43,5,,
MED0186,IVF Q MAX,ALKEM,100ML,IV,Fluid,Fungal diastase 50 mg+ pepsin 10 ,YES,108,5,,
MED0187,MOXIKEM 250DT,ALKEM,1*10Tab,Strip,Tab,Fungal diastase 50 mg+ pepsin 10 ,YES,40.5,5,,
MED0188,MOXIKEM SYP ,ALKEM,30ML,Pcs,Syp,Fungal diastase 50 mg+ pepsin 10 ,YES,24.3,5,,
MED0189,ORS-ALKEM ,ALKEM,21.8GM,Pcs,Sachet,benzyl benzoate emulsion ,YES,13.5,5,,
MED0190,PAN-40MG TAB ,ALKEM,1*10Tab,Strip,Tab,benzyl benzoate emulsion ,YES,0,5,,
MED0191,PAN-D CAP ,ALKEM,1*10Cap,Strip,Capsule,benzyl benzoate emulsion ,YES,0,5,,
MED0192,POVIKEM OINT 10GM,ALKEM,10GM,Pcs,Oint,Terbutaline+ Bromhexine+ Guaiphenesin+Menthol,YES,31.5,5,,
MED0193,PROTIKEM POWDER,ALKEM,200GM,Pcs,Powder,Terbutaline+ Bromhexine+ Guaiphenesin+Menthol,YES,151.2,5,,
MED0194,SATROGYL 300 TAB,ALKEM,1*10Tab,Strip,Tab,Terbutaline+ Bromhexine+ Guaiphenesin+Menthol,YES,0,5,,
MED0195,SUMO TAB,ALKEM,1*10,Strip,Tab,S-amlodipine besilate,YES,0,5,Pain Management,Anagesic
MED0196,SUMO TAB(15TAB) ,ALKEM,1*15,Strip,Tab,S-amlodipine besilate,YES,64.35,5,Pain Management,Anagesic
MED0197,TAXIM 1G INJ ,ALKEM,1VIAL,Pcs,Inj,Dextromethorphan + Chlorpheniramine Maleate + Phenylephrine.,YES,0,5,Infections,Antibiotic
MED0198,TAXIM 250MG INJ ,ALKEM,1VIAL,Pcs,Inj,Dextromethorphan + Chlorpheniramine Maleate + Phenylephrine.,YES,0,5,Infections,Antibiotic
MED0199,TAXIM 500MG INJ ,ALKEM,1VIAL,Pcs,Inj,Dextromethorphan + Chlorpheniramine Maleate + Phenylephrine.,YES,0,5,Infections,Antibiotic
MED0200,TAXIM-O 100MG TAB ,ALKEM,1*10,Strip,Tab,SALBUTAMOL ,YES,0,5,Infections,Antibiotic
MED0201,TAXIM-O 200MG TAB ,ALKEM,1*10,Strip,Tab,SALBUTAMOL ,YES,0,5,Infections,Antibiotic
MED0202,TAXIM-O DROP ,ALKEM,10ML,Pcs,Drp,SALBUTAMOL ,YES,0,5,Infections,Antibiotic
MED0203,TAXIM-O SYP ,ALKEM,30ML,Pcs,Syp,SALBUTAMOL ,YES,0,5,Infections,Antibiotic
MED0204,UPRISE-D3 1K CAP ,ALKEM,1K,,Capsule,SALBUTAMOL ,YES,0,5,,
MED0205,ZEDONAC MR TAB ,ALKEM,1*10,,Tab,SALBUTAMOL ,YES,48.6,5,Pain Management,Muscle Relaxant
MED0206,ZOCEF 250MG TAB ,ALKEM,1*10,,Tab,SALBUTAMOL ,YES,0,5,,
MED0207,ZOCEF 500MG TAB ,ALKEM,1*10,,Tab,SALBUTAMOL ,YES,0,5,,
MED0208,ZOCEF SYP ,ALKEM,30ML,,Syp,SALBUTAMOL ,YES,0,5,,
MED0209,GEMCAL PLUS CAP,ALKEM (BERGEN),1*10,,Capsule,SALBUTAMOL ,YES,0,5,,
MED0210,ONDEM SYP 30ML,ALKEM (BERGEN),30ML,,Syp,SALBUTAMOL ,YES,0,5,,
MED0211,NEBIPIL SA TAB,ALKEM (MEDIVA),1*10,,Tab,SALBUTAMOL ,YES,0,5,Anti hypertensive,
MED0212,MIGRABETA TR 20 TAB,ALKEM (PENTACARE),1*10,,Tab,SALBUTAMOL ,YES,0,5,,
MED0213,MIGRABETA-TR 60 TAB ,ALKEM (PENTACARE),1*10,,Tab,Hydroxyzine Hydrochloride ,YES,0,5,,
MED0214,MELZAP-0.25MD,ALKEM LABORATORIES,10,,Tab,Hydroxyzine Hydrochloride ,YES,0,5,,
MED0215,PAN 40MG ,ALKEM LABORATORIES,1,,Tab,Hydroxyzine Hydrochloride ,YES,0,5,,
MED0216,SUMO TAB,ALKEM LABORATORIES,1*15,,Tab,Hydroxyzine Hydrochloride ,YES,0,5,,
MED0217,ACULAR-LS E/D,ALLERGA N,5ML,,E/D,Hydroxyzine Hydrochloride ,YES,72.48,5,,
MED0218,ALPHAGAN-P E/DROP ,ALLERGA N,5ML,,E/D,Hydroxyzine Hydrochloride ,YES,249,5,,
MED0219,FLUR E/D 10ML ,ALLERGA N,10ML,,E/D,Atenolol,YES,99.78,5,,
MED0220,FLUR E/DROP ,ALLERGA N,5ML,,E/D,Atenolol,YES,52.61,5,,
MED0221,FML E/DROP ,ALLERGA N,5ML,,E/D,Atenolol,YES,78.45,5,,
MED0222,FML NEO E/DROP ,ALLERGA N,5ML,,E/D,Atenolol+ indapamide,YES,90.23,5,,
MED0223,GENTICYN E/DROP ,ALLERGA N,10ML,,E/D,Atenolol+ indapamide,YES,8.97,5,,
MED0224,GLUCOMOL 0.5% E/DROP ,ALLERGA N,5ML,,E/D,Lorazepam,YES,51.91,5,,
MED0225,KETOFLOX E/DROP ,ALLERGA N,5ML,,E/D,Atorvastatin,YES,87.24,5,,
MED0226,KETOMAR E/DROP ,ALLERGA N,5ML,,E/D,Atorvastatin,YES,113.33,5,,
MED0227,PRED FORTE E/D ,ALLERGA N,10ML,,E/D,Atorvastatin 10 MG,YES,32.94,5,,
MED0228,REFERSH TEARS E/D ,ALLERGA N,10ML,,E/D,Atorvastatin 20 MG,YES,162.17,5,,
MED0229,REFRESH LIQUIGEL E/DROP ,ALLERGA N,10ML,,E/D,Atorvastatin 40 MG,YES,210.15,5,,
MED0230,TEARS PLUS EYE DROP ,ALLERGA N,10ML,,E/D,Atorvastatin 10 MG+Aspirin 75 MG,YES,55.68,5,,
MED0231,MEGA-CARTIGEN TAB ,PHARMED,1*10,,Tab,Atorvastatin 10mg,YES,0,5,,
MED0232,MEGA OMEGA CAP,SANAT,1*10,,Capsule,Amoxicillin and clavulanate potassium ,YES,0,5,,
MED0233,MUCOLITE TAB ,DR REDDY'S LABS,1*10,,Tab,Amoxicillin and clavulanate potassium ,YES,0,5,,
MED0234,ANLEO DSR TAB,AN PHARMACEUTICALS,1*10T,,Tab,Amoxicillin and clavulanate potassium ,YES,0,5,,
MED0235,ANLEO D TAB,AN PHARMACEUTICALS,1*10,,Tab,Amoxicillin and clavulanate potassium ,YES,0,5,,
MED0236,GLIHYPO-PLUS 10 TAB,AN PHARMACEUTICALS,1*10,,Tab,Amoxicillin and clavulanate potassium ,YES,0,5,,
MED0237,GLIHYPO-PLUS 20 TAB ,AN PHARMACEUTICALS,1*10,,Tab,Amoxicillin and clavulanate potassium ,YES,0,5,,
MED0238,MAXNURON-LC TAB ,AN PHARMACEUTICALS,1*10,,Tab,Vitamin B12 15 mcg+ ferrous fumarate 300 mg+ folic acid 1.5 mg. ,YES,0,5,,
MED0239,MAXNURON-PG TAB,AN PHARMACEUTICALS,1*10,,Tab,,YES,0,5,,
MED0240,SPIREX PLUS CAP,AN PHARMACEUTICALS,1*10,,Capsule,Pheniramine maleate,YES,0,5,,
MED0241,ULTRANURON CAP,AN PHARMACEUTICALS,1*10,,Capsule,Pheniramine maleate,YES,0,5,,
MED0242,ULTRANURON PLUS CAP,AN PHARMACEUTICALS,1*10,,Capsule,Pheniramine maleate,YES,0,5,,
MED0243,VITOXY CAP,AN PHARMACEUTICALS,1*10,,Capsule,Pheniramine maleate,YES,0,5,,
MED0244,VITOXY PLUS CAPSULES,AN PHARMACEUTICALS,1*10,,Capsule,Pheniramine maleate,YES,0,5,,
MED0245,ANDRE EYE DROP ,ANDRE,10ML,,Drp,Promethazine theoclate,YES,39.6,5,,
MED0246,BEPLEX FORTE TAB,ANGLO F RENCH,1*20,,Tab,Promethazine theoclate,YES,20.96,5,,
MED0247,BEPLEX FORTE TAB(15TAB) ,ANGLO FRENCH DRUG LTD.,1*15,,Tab,Azithromycin,YES,0,5,,
MED0248,B LONG TAB,ANGLO FRENCH DRUG LTD.,1*30,,Tab,Azithromycin,YES,0,5,,
MED0249,ELTROXIN 125MG,APEX,1*60TAB,,Tab,Azithromycin,YES,0,5,,
MED0250,P-125 DROP,APEX,1*15ML,,Drp,Azithromycin,YES,0,5,,
MED0252,ZINCOVIT DROPS,APEX,15ML,,Drp,Azithromycin,YES,0,5,,
MED0253,COFSTOP-Z SYP,APEX LA B,100ML,,Syp,Atorvastatin,YES,0,5,,
MED0254,P-125 TAB ,APEX LA B,1*10,,Tab,Azithromycin,YES,6.98,5,,
MED0255,ZINCOVIT DROP,APEX LA B,5ML,,Drp,Azithromycin,YES,37.8,5,,
MED0256,ZINCOVIT SYP,APEX LA B,200ML,,Syp,Azithromycin,YES,0,5,,
MED0257,ZINCOVIT TAB,APEX LA B,1*15,,Tab,Azithromycin,YES,0,5,,
MED0258,AMBRODIL DROP,ARISTO,5ML,,Drp,Azithromycin,YES,18.23,5,,
MED0259,AMBRODIL PLUS SYP ,ARISTO,100ML,,Syp,Azithromycin,YES,32.54,5,,
MED0260,AMBRODIL S SYP ,ARISTO,100ML,,Syp,Azithromycin,YES,0,5,,
MED0261,AMBRODIL SYP ,ARISTO,100ML,,Syp,Azathioprine,YES,0,5,,
MED0262,ARISTOGYL F SUSP,ARISTO,60ML,,Susp,Atorvastatin,YES,11.11,5,,
MED0263,ARISTOGYL SUSPN.60 ,ARISTO, 60ML,,Susp,Atorvastatin,YES,0,5,,
MED0264,ARISTOZYME CAP,ARISTO,1*15,,Capsule,Glucostrips,YES,0,5,,
MED0265,ARISTOZYME DROP ,ARISTO,15ML,,Drp,Glucostrips,YES,0,5,,
MED0266,ARISTOZYME DROPS ,ARISTO,5ML,,Drp,,YES,29.12,5,,
MED0267,ARISTOZYME SYP ,ARISTO,200ML,,Syp,,YES,0,5,,
MED0268,BACIGYL-N SYP 30ML ,ARISTO,30ML,,Syp,,YES,0,5,,
MED0269,BACIGYL-N SYP 60ML ,ARISTO,60ML,,Syp,,YES,0,5,,
MED0270,CLINGEN VAG SUPP. ,ARISTO,1*7,,Tab,,YES,0,5,,
MED0271,DAROLAC CAP,ARISTO,1*10,,Capsule,Metronidazole + norfloxacin,YES,0,5,,
MED0272,FLEXON-MR TAB,ARISTO,1*10,,Tab,Metronidazole + norfloxacin,YES,11.55,5,,
MED0273,FLEXON SYP ,ARISTO,60ML,,Syp,Baclofen ,YES,0,5,,
MED0274,FLEXON TAB ,ARISTO,1*15,,Tab,Baclofen ,YES,0,5,,
MED0275,GLIMIPREX-MF 1/500,ARISTO,1*10,,Tab,sulfamethoxazole + trimethoprim,YES,0,5,,
MED0276,GLIMIPREX-MF 2/500 TAB ,ARISTO,1*10,,Tab,0,YES,0,5,,
MED0277,GLYCIGON-M TAB,ARISTO,1*10,,Tab,,YES,0,5,,
MED0278,GRANDEM SYP,ARISTO,10ML,,Syp,,YES,0,5,,
MED0279,MEGANEURON 500MCG INJ,ARISTO,1AMP,,Inj,0,YES,0,5,,
MED0280,MIKACIN INJ 100MG,ARISTO,1VIAL,,Inj,Albendazole+ Ivermectin ,YES,0,5,,
MED0281,MIKACIN INJ 250MG ,ARISTO,1VIAL,,Inj,Albendazole+ Ivermectin ,YES,0,5,,
MED0282,MIKACIN INJ 500MG ,ARISTO,1VIAL,,Inj,Albendazole+ Ivermectin ,YES,0,5,,
MED0283,MONOCEF 1GM INJ,ARISTO,VIAL,,Inj,Diethylcarbamazine,YES,0,5,,
MED0284,MONOCEF 250MG INJ ,ARISTO,VIAL,,Inj,Dicyclomine hydrochloride 20 mg+ paracetamol 500 mg.,YES,0,5,,
MED0285,MONOCEF 2GM INJ ,ARISTO,VIAL,,Inj,Dicyclomine hydrochloride 20 mg+ paracetamol 500 mg.,YES,0,5,,
MED0286,MONOCEF 500MG INJ ,ARISTO,VIAL,,Inj, Liver fraction-2 (12mg) derived from 0.3g. Sod. Phos.506mg fresh liver ,YES,0,5,,
MED0287,MONOCEF-O 100DT TAB,ARISTO,1*10,,Tab,,YES,0,5,,
MED0288,MONOCEF-O 100MG SYP ,ARISTO,30ML,,Syp,Multi Vitamin and Multi Mineral ,YES,0,5,,
MED0289,MONOCEF-O 100MG TAB ,ARISTO,1*10,,Tab,Vitamin B-complex with Vitamin C. ,YES,86.78,5,,
MED0290,MONOCEF-O 200MG TAB ,ARISTO,1*10,,Tab,Biotin 30 MCG+Citrus bioflavonoids 12.5 MG+Folic acid 50 MCG+Garlic oil 2 MG+Ginseng 21.25 MG+Green tea powder 10 MG+L-glutamic acid 20 MG+L-lysine 19.6 MG+Levocarnitine 5 MG+Lycopene 2 MG+Methionine 22 MG+Mixed carotene 5 MG+Niacinamide 15 MG+Vitamin A 1600 IU+Vitamin B1 1 MG+Vitamin B2 1 MG+Vitamin B6 0.5 MG+Vitamin C 25 MG+Vitamin E 10 IU+Vitamin K 65 MCG,YES,0,5,,
MED0291,MONOCEF-O 50MG SYP ,ARISTO,30ML,,Syp,Vitamin B-complex with Vitamin C. ,YES,58.42,5,,
MED0292,ORNIDA 500MG TAB,ARISTO,1*10,,Tab,Vitamin B-complex with Vitamin C + Zinc.,YES,0,5,,
MED0293,ORNIDA IV ,ARISTO,100ML,,IV,Vit B6 3 mg Vit B2 10 mg Vit B1 10 mg Niacinamide 50 mg Folic Acid (Vit B9) 1 mg Vit B12 15 mcg Vit C 150 mg Zinc Sulphate 54.93 mg,YES,0,5,,
MED0294,ORNOF TAB,ARISTO,1*10,,Tab,thiamine-vitamine,YES,0,5,,
MED0295,PANTOP 40MG TAB,ARISTO,1*15,,Tab,pyridoxine,YES,0,5,,
MED0296,PANTOP-D CAP,ARISTO,1*10,,Capsule,Diphenhydramine+ Ammonium chloride+ Sodium citrate,YES,0,5,,
MED0297,PANTOP DSR CAP,ARISTO,1X10,,Capsule,Diphenhydramine+ Ammonium chloride+ Sodium citrate,YES,0,5,,
MED0298,PANTOP IV INJ ,ARISTO,1VIAL,,Inj,Olmesartan Medoxomil,YES,0,5,,
MED0299,SCRAB LOTION,ARISTO,100ML,,Lotion,Benzoyl peroxide,YES,34.43,5,,
MED0300,SPARQUIN 200 TAB ,ARISTO,1*10,,Tab,Benzoyl peroxide,YES,0,5,,
,,,,,,Amylase+ Papain,,,,,
,,,,,,Propranolol,,,,,
,,,,,,Propranolol,,,,,
,,,,,,Propranolol,,,,,
,,,,,,Propranolol,,,,,
,,,,,,Atenolol,,,,,
,,,,,,Atenolol,,,,,
,,,,,,Povidone-iodine,,,,,
,,,,,,Povidone-iodine,,,,,
,,,,,,Povidone-iodine,,,,,
,,,,,,Povidone-iodine,,,,,
,,,,,,Povidone-iodine,,,,,
,,,,,,Povidone-iodine,,,,,
,,,,,,Metoprolol,,,,,
,,,,,,Metoprolol,,,,,
,,,,,,Metoprolol,,,,,
,,,,,,Metoprolol,,,,,
,,,,,,Pyridoxine 3 mg Thiamine 10 mg Cyanocobalamin 15 mcg ,,,,,
,,,,,,Betamethasone,,,,,
,,,,,,Betamethasone,,,,,
,,,,,,Betamethasone,,,,,
,,,,,,Betamethasone,,,,,
,,,,,,Betamethasone,,,,,
,,,,,,Betamethasone,,,,,
,,,,,,Betamethasone Valerate,,,,,
,,,,,,Betamethasone Valerate+ Gentamicin and Miconazole Nitrate,,,,,
,,,,,,Betamethasone and Neomycin,,,,,
,,,,,,Beta-Carotene+Chromium+Inositol+Iodine+L-Lysine+Manganese+Molybdenum+Selenium+Vitamin A+Vitamin B1 (Thiamine Hydrochloride)+Vitamin B12 (Cyanocobalamin)+Vitamin B2 (Riboflavin Sodium Phosphate)+Vitamin B3 (Niacinamide)+Vitamin B5 (D-Panthenol)+Vitamin B6 (Pyridoxine Hydrochloride)+Vitamin D3 (Cholecalciferol)+Vitamin E (Vitamin E Acetate)+Vitamin H (Biotin)+Zinc Sulfate.,,,,,
,,,,,,Calcitriol (Vit D)+ Elemental Calcium,,,,,
,,,,,,Calcitriol+ calcium carbonate+ vitamin MK+ methylcobalamin .,,,,,
,,,,,,Doxycycline,,,,,
,,,,,,Gentamicin,,,,,
,,,,,,Prebiotic + probiotic,,,,,
,,,,,,Cefotaxime sodium,,,,,
,,,,,,Cefotaxime sodium,,,,,
,,,,,,Cefotaxime sodium,,,,,
,,,,,, Cefotaxime Sodium,,,,,
,,,,,, Cefotaxime Sodium,,,,,
,,,,,, Cefotaxime Sodium,,,,,
,,,,,,Glimepiride 2 mg+ metformin (SR) 1000 mg,,,,,
,,,,,,Pyridoxine hydrochloride (SR) 100 mg+ folic acid 5 mg,,,,,
,,,,,,Pyridoxine hydrochloride (SR) 100 mg+ folic acid 5 mg,,,,,
,,,,,,Pyridoxine (vitamin B6),,,,,
,,,,,,Calcitriol,,,,,
,,,,,,Ayurvedic ,,,,,
,,,,,,Ayurvedic ,,,,,
,,,,,,Ayurvedic ,,,,,
,,,,,,,,,,,
,,,,,,Vitamin K2,,,,,
,,,,,,Ayurvedic ,,,,,
,,,,,,Ayurvedic ,,,,,
,,,,,,Brimonidine tartrate 1.5 mg+ timolol 5 mg/1 mL,,,,,
,,,,,,Bromhexine hcl 4mg+ guaiphenesin 50mg+ terbutaline sulphate 1.25mg/5ml,,,,,
,,,,,,Terbutaline sulphate 1.25 mg+ bromhexine hydrochloride 4 mg+ guaiphenesin 50 mg+ menthol 2.5 mg/5 mL,,,,,
,,,,,,Terbutaline sulphate 1.25 mg+ bromhexine hydrochloride 4 mg+ guaiphenesin 50 mg+ menthol 2.5 mg/5 mL,,,,,
,,,,,,Budesonide+ formoterol fumarate. ,,,,,
,,,,,,Budesonide+ formoterol fumarate. ,,,,,
,,,,,,,,,,,
,,,,,,Budesonide 200 mcg+ formoterol fumarate 6 mcg,,,,,
,,,,,,,,,,,
,,,,,,Budesonide,,,,,
,,,,,,Budesonide,,,,,
,,,,,,Budesonide,,,,,
,,,,,,Budesonide,,,,,
,,,,,,Budesonide,,,,,
,,,,,,Budesonide,,,,,
,,,,,,Budesonide,,,,,
,,,,,,Budesonide,,,,,
,,,,,,Bambuterol 10mg,,,,,
,,,,,,Bupropion Hydrochloride Sustained-Release,,,,,
,,,,,,Hyoscine,,,,,
,,,,,,Buspirone hydrochloride,,,,,
,,,,,,Diclofenac 50 MG+Paracetamol 325 MG,,,,,
,,,,,,,,,,,
,,,,,,Lactulose,,,,,
,,,,,,Guaiphenesin+ Ambroxol+ Menthol+ Terbutaline Sulphate+,,,,,
,,,,,,Guaiphenesin+ Ambroxol+ Menthol+ Terbutaline Sulphate+,,,,,
,,,,,,Methylhesperidin 40 mg+ rutin 60 mg+,,,,,
,,,,,,Calamine and zinc oxide,,,,,
,,,,,,Calamine and pramoxine,,,,,
,,,,,,Extended-release Verapamil,,,,,
,,,,,,Extended-release Verapamil,,,,,
,,,,,,Calcium 300 mg+ Elemental magnesium 75 mg+ Elemental zinc 4 mg+ cholecalciferol 200 IU+ Elemental phosphorus 150 mg/10 mL.,,,,,
,,,,,,Vitamin D ,,,,,
,,,,,,Mecobalamin 1500 mcg+ calcitriol 0.25 mcg+ calcium carbonate 500 mg+ eicosapentaenoic acid 90 mg+ docosahexaenoic acid 60 mg+ folic acid 400 mcg+ boron 1.5 mg.,,,,,
,,,,,,Mecobalamin 1500 mcg+ calcitriol 0.25 mcg+ calcium carbonate 500 mg+ eicosapentaenoic acid 90 mg+ docosahexaenoic acid 60 mg+ folic acid 400 mcg+ boron 1.5 mg.,,,,,
,,,,,,Mecobalamin 1500 mcg+ calcitriol 0.25 mcg+ calcium carbonate 500 mg+ eicosapentaenoic acid 90 mg+ docosahexaenoic acid 60 mg+ folic acid 400 mcg+ boron 1.5 mg.,,,,,
,,,,,,Paracetamol,,,,,
,,,,,,Paracetamol,,,,,
,,,,,,Paracetamol+ Tramadol,,,,,
,,,,,,Cholecalciferol IP 60+000 IU+ ,,,,,
,,,,,,Cholecalciferol IP 60+000 IU+ ,,,,,
,,,,,,Cholecalciferol IP 60+000 IU+ ,,,,,
,,,,,,Calcitriol (Vit D)+ Calcium Carbonate+ Zinc,,,,,
,,,,,,Chloramphenicol+ beclomethasone+ clotrimazole+ lidocaine,,,,,
,,,,,,Clotrimazole-beclomethasone ,,,,,
,,,,,,Clotrimazole-beclomethasone ,,,,,
,,,,,,Clotrimazole-beclomethasone ,,,,,
,,,,,,Clotrimazole-beclomethasone ,,,,,
,,,,,,Clotrimazole-beclomethasone ,,,,,
,,,,,,Clotrimazole-beclomethasone ,,,,,
,,,,,,Clotrimazole,,,,,
,,,,,,Itraconazole,,,,,
,,,,,,Clotrimazole ,,,,,
,,,,,,Ramipril,,,,,
,,,,,,Ramipril,,,,,
,,,,,,Ramipril,,,,,
,,,,,,Ramipril,,,,,
,,,,,,Ramipril,,,,,
,,,,,,Ramipril + Amlodipine 2.5mg,,,,,
,,,,,,Ramipril + Amlodipine 5mg,,,,,
,,,,,,Metoprolol 25 MG+Ramipril 2.5 MG,,,,,
,,,,,,Ramipril+ hydrochlorothiazide.,,,,,
,,,,,,Ramipril+ hydrochlorothiazide.,,,,,
,,,,,,Ramipril+ hydrochlorothiazide.,,,,,
,,,,,,Ramipril+ hydrochlorothiazide.,,,,,
,,,,,,Carvedilol,,,,,
,,,,,,Carvedilol,,,,,
,,,,,,Carvedilol 40mg,,,,,
,,,,,,Carvedilol,,,,,
,,,,,,Carvedilol,,,,,
,,,,,,Carvedilol,,,,,
,,,,,,Carvedilol 12.5mg,,,,,
,,,,,,Escitalopram 10 MG+Clonazepam 0.5 MG,,,,,
,,,,,,,,,,,
,,,,,,,,,,,
,,,,,,Sildenafil Citrate,,,,,
,,,,,,Elemental calcium 500 MG+Elemental magnesium 90 MG+Isoflavones 50 MG+Vitamin D3 250 IU,,,,,
,,,,,,Elemental calcium 500 MG+Vitamin D3 400 IU,,,,,
,,,,,,Calcium citrate malate-vitamin D3 ,,,,,
,,,,,,Cefuroxime,,,,,
,,,,,,Cefuroxime,,,,,
,,,,,,Ceftazidime,,,,,
,,,,,,Cephalexin,,,,,
,,,,,,cefixime plus ofloxacin,,,,,
,,,,,,cefixime+cloxacillin sodium+lactobacillus,,,,,
,,,,,,cefixime+cloxacillin sodium+lactobacillus,,,,,
,,,,,,Azithromycin+Cefixime,,,,,
,,,,,,Cefixime,,,,,
,,,,,,Cefixime,,,,,
,,,,,,Ofloxacin+Cefixime,,,,,
,,,,,,Cefpodoxime+ Clavulanic Acid,,,,,
,,,,,,Cefpodoxime+ Clavulanic Acid,,,,,
,,,,,,Cefpodoxime+ Clavulanic Acid,,,,,
,,,,,,Cefixime,,,,,
,,,,,,Cefixime,,,,,
,,,,,,Cefuroxime ,,,,,
,,,,,,Cefuroxime ,,,,,
,,,,,,Ascorbic Acid (Vitamin C),,,,,
,,,,,,Cefpodoxime proxetil,,,,,
,,,,,,Cefpodoxime 100mg,,,,,
,,,,,,Cefpodoxime 200 MG+Clavulanic acid 125 MG,,,,,
,,,,,,,,,,,
,,,,,,,,,,,
,,,,,,,,,,,
,,,,,,Dry+ Sensitive Skin Moisturizing Cream,,,,,
,,,,,,Dry+ Sensitive Skin Moisturizing Cream,,,,,
,,,,,,Dry+ Sensitive Skin Moisturizing Cream,,,,,
,,,,,,Metformin 1000mg,,,,,
,,,,,,Cefuroxime,,,,,
,,,,,,Ambroxol+ Cetirizine,,,,,
,,,,,,Cetirizine hydrochloride.,,,,,
,,,,,,Chlorpheniramine maleate 2 mg+ dextromethorphan hydrobromide 10 mg+ phenylephrine hydrochloride 5 mg/5 mL.,,,,,
,,,,,,Chloramphenicol,,,,,
,,,,,,Chloramphenicol,,,,,
,,,,,,Trypsin-chymotrypsin,,,,,
,,,,,,Trypsin+ Chymotrypsin+ ,,,,,
,,,,,,Ciprofloxacin ,,,,,
,,,,,,Ciprofloxacin ,,,,,
,,,,,,Ciprofloxacin ,,,,,
,,,,,,Ciprofloxacin 500 mg+ ornidazole 500 mg,,,,,
,,,,,,Cilnidipine 10mg,,,,,
,,,,,,Cyproheptadine,,,,,
,,,,,,Propranolol hydrochloride,,,,,
,,,,,,Propranolol Hydrochloride,,,,,
,,,,,,‎Ciprofloxacin ,,,,,
,,,,,,‎Ciprofloxacin ,,,,,
,,,,,,‎Ciprofloxacin ,,,,,
,,,,,,‎Ciprofloxacin + Dexamethasone,,,,,
,,,,,,‎Ciprofloxacin + Tinidazole,,,,,
,,,,,,Ciprofloxacin,,,,,
,,,,,,Ciprofloxacin,,,,,
,,,,,,Citicoline ,,,,,
,,,,,,Di Sodium Hydrogen Citrate,,,,,
,,,,,,Calcitriol 0.25 MCG+Calcium citrate 1200 MG,,,,,
,,,,,,Clavulanate Potassium+ Amoxicillin ,,,,,
,,,,,,Clavulanate Potassium+ Amoxicillin ,,,,,
,,,,,,Clavulanate Potassium+ Amoxicillin ,,,,,
,,,,,,Clavulanate Potassium+ Amoxicillin ,,,,,
,,,,,,Clavulanate Potassium+ Amoxicillin ,,,,,
,,,,,,Clavulanate Potassium+ Amoxicillin ,,,,,
,,,,,,Clavulanate Potassium+ Amoxicillin ,,,,,
,,,,,,Clavulanate Potassium+ Amoxicillin ,,,,,
,,,,,,Clavulanate Potassium+ Amoxicillin ,,,,,
,,,,,,,,,,,
,,,,,,Clopidogrel ,,,,,
,,,,,,Clopidogrel + aspirin,,,,,
,,,,,,Kojic Acid,,,,,
,,,,,,Clindamycin ,,,,,
,,,,,,Cleocin,,,,,
,,,,,,Clobazam,,,,,
,,,,,,Clobazam,,,,,
,,,,,,Clobetasol Propionate,,,,,
,,,,,,Clobetasol,,,,,
,,,,,,Clonazepam ,,,,,
,,,,,,Clopidogrel,,,,,
,,,,,,Clopidogrel+Aspirin,,,,,
,,,,,,Clopidogrel and aspirin,,,,,
,,,,,,Clopidogrel and aspirin,,,,,
,,,,,,Pyridoxine hydrochloride 3 mg+ nicotinamide 100 mcg+ folic acid 1500 .,,,,,
,,,,,,Vitamin B1+ B2+ B3+ B5+ B6+ B7+ B9+ B12+ Vitamin C.,,,,,
,,,,,,Pyridoxine hydrochloride 3 mg+ nicotinamide 100 mcg+ folic acid 1500 .,,,,,
,,,,,,Chlorpheniramine maleate+Dextromethorphan,,,,,
,,,,,,Zinc+ 7.5 mg. Menthol IP+ 2.5 mg.,,,,,
,,,,,,,,,,,
,,,,,,,,,,,
,,,,,,,,,,,
,,,,,,,,,,,
,,,,,,,,,,,
,,,,,,Simethicone 40 mg+ dill oil 0.005 mL+ fennel oil 0.001 mL. ,,,,,
,,,,,,Dimethicone activated 40 mg+ dill oil 0.005 mL+ fennel oil 0.001 mL/1 mL.,,,,,
,,,,,,Dimethicone activated 40 mg+ dill oil 0.005 mL+ fennel oil 0.001 mL/1 mL.,,,,,
,,,,,,Dimethicone activated 40 mg+ dill oil 0.005 mL+ fennel oil 0.001 mL/1 mL.,,,,,
,,,,,,Dimethicone activated 40 mg+ dill oil 0.005 mL+ fennel oil 0.001 mL/1 mL.,,,,,
,,,,,,Dicyclomine Hcl 20 mg and Paracetamol (Acetaminophen) 500 mg,,,,,
,,,,,,Ibuprofen + Paracetamol,,,,,
,,,,,,Ibuprofen + Paracetamol,,,,,
,,,,,,Brimonidine Tartrate+Timolol Maleate,,,,,
,,,,,,Ethambutol,,,,,
,,,,,,Ethambutol,,,,,
,,,,,,Ethambutol,,,,,
,,,,,,Ethambutol,,,,,
,,,,,,,,,,,
,,,,,,Bisoprolol fumarate,,,,,
,,,,,,Ferrous sulphate (TR) 60 mg+ folic acid 1.5 mg+ zinc 7.24 mg+ pyridoxine hydrochloride 1.5 mg+ cyanocobalamin 15 mcg.,,,,,
,,,,,,Amiodarone,,,,,
,,,,,,DEXTROMETHORPHAN HYDROBROMIDE CHLORPHENIRAMINE MALEATE,,,,,
,,,,,,DEXTROMETHORPHAN HYDROBROMIDE CHLORPHENIRAMINE MALEATE,,,,,
,,,,,,DEXTROMETHORPHAN HYDROBROMIDE CHLORPHENIRAMINE MALEATE,,,,,
,,,,,,AMINO ACID COMBINATIONS,,,,,
,,,,,,Sulphamethoxazole+,,,,,
,,,,,,,,,,,
,,,,,,,,,,,
,,,,,,,,,,,
,,,,,,,,,,,
,,,,,,,,,,,
,,,,,,Chlorpheniramine Maleate+ Paracetamol+ Caffeine+ Phenylephrine Hydrochloride ,,,,,
,,,,,,Paracetamol+ Chlorpheniramine Maleate+ Phenylephrine,,,,,
,,,,,,,,,,,
,,,,,,,,,,,
,,,,,,,,,,,
,,,,,,Telmisartan 40mg,,,,,
,,,,,,Rosuvastatin calcium,,,,,
,,,,,,Rosuvastatin calcium,,,,,
,,,,,,Rosuvastatin calcium,,,,,
,,,,,,Paracetamol,,,,,
,,,,,,Paracetamol+ caffeine+ phenylephrine,,,,,
,,,,,,Paracetamol,,,,,
,,,,,,Paracetamol,,,,,
,,,,,,Benzalkonium Chloride+ Sodium Cromoglicate,,,,,
,,,,,,Crotamiton,,,,,
,,,,,,Chlorthalidone,,,,,
,,,,,,Xylitylglucoside Anhydroxylitol Xylitol,,,,,
,,,,,,Lactobacillus acidophilus 60 million cells+ vitamin B1 10 mg+ vitamin B6 3 mg+ vitamin B12 15 mcg+ calcium pantothenate 50 mg+ nicotinamide 50 mg+ magnesium oxide 10mg,,,,,
,,,,,,cyproheptadine,,,,,
,,,,,,cyproheptadine,,,,,
,,,,,,Ayurvedic ,,,,,
,,,,,,Ayurvedic ,,,,,
,,,,,,Cetirizine,,,,,
,,,,,,Cetirizine,,,,,
,,,,,,Cetirizine,,,,,
,,,,,,Cetirizine,,,,,
,,,,,,Vitamin D3,,,,,
,,,,,,,,,,,
,,,,,,,,,,,
,,,,,,Glibenclamide 5mg,,,,,
,,,,,,IBS (10000 lacs),,,,,
,,,,,,Paracetamol+Phenylephrine+Caffeine,,,,,
,,,,,,Nandrolone Decanoate,,,,,
,,,,,,Nandrolone Decanoate,,,,,
,,,,,,Dexamethasone ,,,,,
,,,,,,Deflazacort,,,,,
,,,,,,Dextromethorphan hydrobromide 10 mg+ triprolidine hydrochloride 1.25 mg+ phenylephrine hydrochloride 5 mg/5 mL,,,,,
,,,,,,Nifedipine,,,,,
,,,,,,Nifedipine,,,,,
,,,,,,Clopidogrel 75 MG,,,,,
,,,,,,Clopidogrel 75 MG,,,,,
,,,,,,Clopidogrel 75 MG,,,,,
,,,,,,Clopidogrel 75 mg+ aspirin 75 mg+ atorvastatin 10 mg,,,,,
,,,,,,Methylprednisolone Acetate ,,,,,
,,,,,,Etophylline + Theophylline,,,,,
,,,,,,Etophylline + Theophylline,,,,,
,,,,,,Etophylline + Theophylline,,,,,
,,,,,,Etophylline + Theophylline,,,,,
,,,,,,Etofylline (SR) 231 mg+ theophylline hydrate 69 mg+ montelukast 10 mg.,,,,,
,,,,,,TFM 75%,,,,,
,,,,,,Dithranol 1.15 % w/w+ salicylic acid 1.15 % w/w+ coal tar 5.3 % w/w.,,,,,
,,,,,,,,,,,
,,,,,,,,,,,
,,,,,,Medroxyprogesterone,,,,,
,,,,,,Dexamethasone,,,,,
,,,,,,Dexamethasone,,,,,
,,,,,,Ferric Ammonium Citrate+ FOLIC ACID AND VITAMIN B12,,,,,
,,,,,,Ferric Ammonium Citrate+ FOLIC ACID AND VITAMIN B12,,,,,
,,,,,,Glibenclamide+ Metformin+ Pioglitazone,,,,,
,,,,,,Glibenclamide + Metformin ,,,,,
,,,,,,Acetazolamide ,,,,,
,,,,,,,,,,,
,,,,,,Ascorbic acid 20 mg+ inositol 50 mg+ vitamin E acetate 4 IU+ nicotinamide 5 mg+ folic acid 0.04 mg+ riboflavin 0.9 mg+ pyridoxine hydrochloride 0.4 mg+ thiamine mononitrate 0.9 mg+ calcium pantothenate 0.5 mg+ cyanocobalamin 0.4 mcg+ vitamin A palmitate 510 IU+ cholecalciferol 50 IU+ magnesium 100 mg+ chromium picolinate 0.2 mg+ selenium 0.055 mg+ molybdenum 0.05 mg+ vanadium 0.01 mg+ kidney bean extract 10 mg+ dunaliella salina extract 4 mg+ zinc 22.5 mg+ manganese 2.5 mg+ copper 2 mg.,,,,,
,,,,,,Diclofenac + paracetamol,,,,,
,,,,,,Diclofenac + paracetamol,,,,,
,,,,,,Diclofenac + paracetamol,,,,,
,,,,,,Aluminium hydroxide+ magnesium aluminium silicate+ magnesium hydroxide+ simethicone. ,,,,,
,,,,,,Aluminium hydroxide+ magnesium aluminium silicate+ magnesium hydroxide+ simethicone. ,,,,,
,,,,,,Aluminium hydroxide+ magnesium aluminium silicate+ magnesium hydroxide+ simethicone. ,,,,,
,,,,,,Ammonium Chloride+ Methdilazine Hydrochloride+ Sodium citrate,,,,,
,,,,,,Diltiazem Hydrochloride,,,,,
,,,,,,Diltiazem Hydrochloride,,,,,
,,,,,,Diltiazem Hydrochloride,,,,,
,,,,,,Diltiazem Hydrochloride,,,,,
,,,,,,Diltiazem Hydrochloride,,,,,
,,,,,,Diltiazem Hydrochloride,,,,,
,,,,,,Aluminium hydroxide 300 mg+ magnesium hydroxide 250 mg+ activated dimethicone 40 mg+,,,,,
,,,,,,Aluminium hydroxide 300 mg+ magnesium hydroxide 250 mg+ activated dimethicone 40 mg+,,,,,
,,,,,,Aluminium hydroxide 300 mg+ magnesium hydroxide 250 mg+ activated dimethicone 40 mg+,,,,,
,,,,,,Aluminium hydroxide 300 mg+ magnesium hydroxide 250 mg+ activated dimethicone 40 mg+,,,,,
,,,,,,Aluminium hydroxide 300 mg+ magnesium hydroxide 250 mg+ activated dimethicone 40 mg+,,,,,
,,,,,,Clobetasol and Neomycin,,,,,
,,,,,,Betamethasone 0.05 %W/W+Salicylic Acid 6 %W/W+Zinc oxide 0.5 %W/W,,,,,
,,,,,,Betamethasone 0.05 %W/W+Salicylic Acid 6 %W/W+Zinc oxide 0.5 %W/W,,,,,
,,,,,,Betamethasone 0.05 %W/W+Salicylic Acid 6 %W/W+Zinc oxide 0.5 %W/W,,,,,
,,,,,,Betamethasone+Gentamicin+Zinc oxide.,,,,,
,,,,,,Betamethasone+Neomycin+Zinc oxide.,,,,,
,,,,,,Betamethasone+Neomycin+Zinc oxide.,,,,,
,,,,,,Clobetasol and Neomycin,,,,,
,,,,,,,,,,,
,,,,,,,,,,,
,,,,,,,,,,,
,,,,,,,,,,,
,,,,,,Aspirin,,,,,
,,,,,,,,,,,
,,,,,,Crataeva nurvala 250 mg+ dolichos biflorus 50 mg+ raphanus sativus 50 mg,,,,,
,,,,,,Divalproex Sodium ,,,,,
,,,,,,Divalproex Sodium ,,,,,
,,,,,,Acetaminophen 650mg,,,,,
,,,,,,Choline Salicylate+Benzalkonium+Lignocaine,,,,,
,,,,,,Choline Salicylate+Benzalkonium+Lignocaine,,,,,
,,,,,,Aceclofenac+ chlorzoxazone+ paracetamol,,,,,
,,,,,,Aceclofenac + paracetamol,,,,,
,,,,,,Aceclofenac,,,,,
,,,,,,Piroxicam,,,,,
,,,,,,Piroxicam,,,,,
,,,,,,Pantoprazole + domperidone,,,,,
,,,,,,Domperidone,,,,,
,,,,,,Domperidone,,,,,
,,,,,,Domperidone,,,,,
,,,,,,Domperidone,,,,,
,,,,,,Domperidone,,,,,
,,,,,,Domperidone,,,,,
,,,,,,Domperidone,,,,,
,,,,,,Domperidone,,,,,
,,,,,,Domperidone,,,,,
,,,,,,Domperidone,,,,,
,,,,,,Pantoprazole 20 MG+Domperidone 10 MG,,,,,
,,,,,,,,,,,
,,,,,,Doxofylline,,,,,
,,,,,,Doxylamine+Pyridoxine,,,,,
,,,,,,Doxylamine+Pyridoxine,,,,,
,,,,,,Doxylamine succinate and pyridoxine hydrochloride,,,,,
,,,,,,Doxycycline+ lactobacillus sporogenes,,,,,
,,,,,,Ethinyl Estradiol+ Drospirenone,,,,,
,,,,,,Ethinyl Estradiol+ Drospirenone,,,,,
,,,,,,Cefadroxil,,,,,
,,,,,,Bisacodyl ,,,,,
,,,,,,Duloxetine,,,,,
,,,,,,Ipratropium bromide+ levosalbutamol,,,,,
,,,,,,Ipratropium bromide+ levosalbutamol,,,,,
,,,,,,Ipratropium bromide+ levosalbutamol,,,,,
,,,,,,Beclometasone+Formoterol,,,,,
,,,,,,Azelastine+ Fluticasone,,,,,
,,,,,,Tiotropium bromide+ Fumarate Dihydrate,,,,,
,,,,,,Torsemide,,,,,
,,,,,,Torsemide,,,,,
,,,,,,Torasemide 10 mg+ spironolactone 50 mg,,,,,
,,,,,,Torasemide 10 mg+ spironolactone 50 mg,,,,,
,,,,,,Torsemide 20mg,,,,,
,,,,,,Torsemide 5mg,,,,,
,,,,,,Not Available,,,,,
,,,,,,Saccharomyces Boulardii,,,,,
,,,,,,Saccharomyces Boulardii,,,,,
,,,,,,Aspirin 75 mg+ atorvastatin 10 mg,,,,,
,,,,,,Aspirin,,,,,
,,,,,,Aspirin,,,,,
,,,,,,Aspirin,,,,,
,,,,,,Aspirin + clopidogrel,,,,,
,,,,,,WHO Electrolytes,,,,,
,,,,,,Mometasone,,,,,
,,,,,,Mometasone,,,,,
,,,,,,Mometasone,,,,,
,,,,,,Aloe extract+ vitamin E+ moisturising cream,,,,,
,,,,,,Levothyroxine sodium,,,,,
,,,,,,Levothyroxine sodium,,,,,
,,,,,,Amlodipine + Metoprolol,,,,,
,,,,,,Metoprolol,,,,,
,,,,,,Metoprolol,,,,,
,,,,,,Telmisartan+ metoprolol,,,,,
,,,,,,Ondansetron,,,,,
,,,,,,Ondansetron,,,,,
,,,,,,Ondansetron,,,,,
,,,,,,Ondansetron,,,,,
,,,,,,Ondansetron,,,,,
,,,,,,Ondansetron,,,,,
,,,,,,Ondansetron,,,,,
,,,,,,Sodium Valproate,,,,,
,,,,,,Divalproex,,,,,
,,,,,,Creatine Monohydrate,,,,,
,,,,,,Creatine Monohydrate,,,,,
,,,,,,Creatine Monohydrate,,,,,
,,,,,,Creatine Monohydrate,,,,,
,,,,,,Creatine Monohydrate,,,,,
,,,,,,Creatine Monohydrate,,,,,
,,,,,,Creatine Monohydrate,,,,,
,,,,,,Creatine Monohydrate,,,,,
,,,,,,Creatine Monohydrate,,,,,
,,,,,,,,,,,
,,,,,,,,,,,
,,,,,,,,,,,
,,,,,,,,,,,
,,,,,,Quiniodochlor ,,,,,
,,,,,,Quiniodochlor ,,,,,
,,,,,,Enalapril ,,,,,
,,,,,,Enalapril Maleate,,,,,
,,,,,,Enalapril Maleate,,,,,
,,,,,,Sodium tauroglycocholate,,,,,
,,,,,,Adapalene and benzoyl peroxide,,,,,
,,,,,,Phenytoin,,,,,
,,,,,,Telmisartan 40 mg+ chlorthalidone 12.5 mg,,,,,
,,,,,,Telmisartan 80 mg+ chlorthalidone 12.5 mg,,,,,
,,,,,,Clindamycin,,,,,
,,,,,,Clindamycin,,,,,
,,,,,,diclofenac sodium,,,,,
,,,,,,diclofenac sodium,,,,,
,,,,,,Esomeprazole 40 MG+Itopride 150 MG,,,,,
,,,,,,Esomeprazole 40 MG+Levosulpiride 75 MG,,,,,
,,,,,,Esomeprazole,,,,,
,,,,,,Etamsylate,,,,,
,,,,,,Etamsylate,,,,,
,,,,,,Etamsylate,,,,,
,,,,,,Ethionamide,,,,,
,,,,,,Etoricoxib,,,,,
,,,,,,Tocopheryl Acetate (Vit E) ,,,,,
,,,,,,Tocopheryl Acetate (Vit E) .,,,,,
,,,,,,Tocopheryl Acetate (Vit E) .,,,,,
,,,,,,Tocopheryl acetate 200 mg,,,,,
,,,,,,Tocopheryl Acetate (Vit E) ,,,,,
,,,,,,Tocopheryl Acetate (Vit E) ,,,,,
,,,,,,Clobetasol propionate 0.05 %W/W+Neomycin 0.5 %W/W,,,,,
,,,,,,Clobetasol propionate 0.05 %W/W+Neomycin 0.5 %W/W,,,,,
,,,,,,Metformin,,,,,
,,,,,,Metformin,,,,,
,,,,,,Faropenem ,,,,,
,,,,,,Tinidazole ,,,,,
,,,,,,Febuxostat,,,,,
,,,,,,Ferrous Sulphate 270mg (equivalent to 87.4mg of elemental iron)+ Folic Acid 300mcg+,,,,,
,,,,,,Ferrous Sulphate 270mg (equivalent to 87.4mg of elemental iron)+ Folic Acid 300mcg+ Zinc,,,,,
,,,,,,Cholecalciferol 1000 IU+Cyanocobalamin 7.5 MCG+Elemental iron 100 MG+Folic acid 1.5,,,,,
,,,,,,Ferrous Ascorbate+ Folic Acid,,,,,
,,,,,,Elemental calcium 80 MG+Elemental iron 32 MG+Elemental zinc 5 MG+Niacinamide 224 MG+Vitamin A 27.5 MG+Vitamin B1 22 MG+Vitamin B2 24 MG+Vitamin D3 62.5 MCG,,,,,
,,,,,,Nicotinamide 50 mg Folic Acid (Vit B9) 1 mg Vit B6 2 mg Vit B12 15 mg Ferrous Sulphate 150 mg,,,,,
,,,,,,Paracetamol,,,,,
,,,,,,Fexofenadine 180mg,,,,,
,,,,,,Ispaghula,,,,,
,,,,,,Lactitol monohydrate+ Ispaghula husk ,,,,,
,,,,,,,,,,,
,,,,,,,,,,,
,,,,,,Finasteride,,,,,
,,,,,,Metronidazole,,,,,
,,,,,,metronidazole,,,,,
,,,,,, Paracetamol + Ibuprofen,,,,,
,,,,,, Paracetamol + Ibuprofen,,,,,
,,,,,,Ibuprofen + paracetamol,,,,,
,,,,,,Chlorzoxazone+ Aceclofenac+Paracetamol,,,,,
,,,,,,Fluticasone,,,,,
,,,,,,FLUOCINOLONE ,,,,,
,,,,,,FLUOCINOLONE ,,,,,
,,,,,,FLUOCINOLONE ,,,,,
,,,,,,FLUOCINOLONE ,,,,,
,,,,,,Fluocinolone + Neomycin,,,,,
,,,,,,Fluoxetine ,,,,,
,,,,,,Flunarizine,,,,,
,,,,,,Fluoxetine,,,,,
,,,,,,Fluoxetine,,,,,
,,,,,,Fluoxetine,,,,,
,,,,,,Fluoxetine,,,,,
,,,,,,Flurbiprofen sodium,,,,,
,,,,,,Flurbiprofen sodium,,,,,
,,,,,,Montelukast 10 MG+Fexofenadine 120 MG,,,,,
,,,,,,Montelukast 10 MG+Fexofenadine 120 MG,,,,,
,,,,,,Fluorometholone,,,,,
,,,,,,Fluorometholone,,,,,
,,,,,,Methotrexate,,,,,
,,,,,,Methotrexate,,,,,
,,,,,,Methotrexate,,,,,
,,,,,,Methotrexate,,,,,
,,,,,,Biotin supplement,,,,,
,,,,,,Folic Acid,,,,,
,,,,,,Folic Acid,,,,,
,,,,,,Ayurvedic ,,,,,
,,,,,,Formoterol,,,,,
,,,,,,Formoterol,,,,,
,,,,,,Formoterol,,,,,
,,,,,,Formoterol,,,,,
,,,,,,Formoterol,,,,,
,,,,,,Rifampicin+ pyrazinamide+ ethambutol and isoniazid,,,,,
,,,,,,,,,,,
,,,,,,Dapagliflozin,,,,,
,,,,,,Tadalafil,,,,,
,,,,,,Protein (milk)+ fat (rapeseed oil+ MCT)+ carbohydrate (maltodextrin+ sucrose)+  ,,,,,
,,,,,,Clobazam,,,,,
,,,,,,Clobazam,,,,,
,,,,,,Clobazam,,,,,
,,,,,,Clobazam,,,,,
,,,,,,Furosemide + spironolactone,,,,,
,,,,,,Fusidic acid Ph.Eur. 2% and Betamethasone 0.1% ,,,,,
,,,,,,Fusidic acid,,,,,
,,,,,,Cyanocobalamin 0.4 MCG+Elemental zinc 4 MG+Folic acid 45 MCG+Panax ginseng extract 42.5 MG+Resveratrol 75 MG+Vitamin C 20 MG,,,,,
,,,,,,Ketoconazole 200 MG,,,,,
,,,,,,Beclometasone 0.025 %W/W+Fusidic Acid 2 %W/W,,,,,
,,,,,,Fusidic acid 2 % w/w,,,,,
,,,,,,Fusidic acid 2 % w/w+ beclometasone dipropionate 0.025 % w/w.,,,,,
,,,,,,Gabapentin+ mecobalamin,,,,,
,,,,,,Gabapentin,,,,,
,,,,,,Vildagliptin/metformin,,,,,
,,,,,,Vildagliptin+ metformin HCl.,,,,,
,,,,,,Vildagliptin+ metformin HCl.,,,,,
,,,,,,Phenobarbital,,,,,
,,,,,,Phenobarbital,,,,,
,,,,,,Phenobarbital,,,,,
,,,,,,Phenobarbital,,,,,
,,,,,,Phenobarbitone 20 MG,,,,,
,,,,,,Glimepiride 1 MG+Metformin 1000 MG,,,,,
,,,,,,Glimepiride 1 MG+Metformin 500 MG,,,,,
,,,,,,Glimepiride 2 MG+Metformin 1000 MG,,,,,
,,,,,,Glimepiride 2 MG+Metformin 500 MG,,,,,
,,,,,,,,,,,
,,,,,,,,,,,
,,,,,,Ayurvedic ,,,,,
,,,,,,Ayurvedic ,,,,,
,,,,,,Ayurvedic -,,,,,
,,,,,,Ayurvedic -,,,,,
,,,,,,Gatifloxacin+ Prednisolone,,,,,
,,,,,,Magnesium Hydroxide (Milk of Magnesia)+ Activated Dimethicone+ Aluminium Hydroxide,,,,,
,,,,,,Magnesium Hydroxide (Milk of Magnesia)+ Activated Dimethicone+ Aluminium Hydroxide,,,,,
,,,,,,Calcium Carbonate,,,,,
,,,,,,Glimepiride+Metformin.,,,,,
,,,,,,Glimepiride+Metformin.,,,,,
,,,,,,Glimepiride+Metformin.,,,,,
,,,,,,Clotrimazole + Betamethasone + Gentamicin Sulfate,,,,,
,,,,,,Gentamycin,,,,,
,,,,,,Ayurvedic ,,,,,
,,,,,,,,,,,
,,,,,,Gamma-linolenic acid+ methylcobalamin,,,,,
,,,,,,Gamma-linolenic acid+ methylcobalamin,,,,,
,,,,,,Glimepiride,,,,,
,,,,,,Glimepiride,,,,,
,,,,,,GLIMEPIRIDE+METFORMIN ,,,,,
,,,,,,GLIMEPIRIDE+METFORMIN ,,,,,
,,,,,,Glimepiride + Metformin SR,,,,,
,,,,,,Glimepiride,,,,,
,,,,,,Glimepiride + Metformin SR,,,,,
,,,,,,Gliclazide,,,,,
,,,,,,Gliclazide+Metformin,,,,,
,,,,,,Gliclazide,,,,,
,,,,,,Vit B12 5 mcg Folic Acid (Vit B9) 1 mg Ferric Ammonium Citrate 160 mg Zinc Sulphate 30 mg ,,,,,
,,,,,,Vit B12 5 mcg Folic Acid (Vit B9) 1 mg Ferric Ammonium Citrate 160 mg Zinc Sulphate 30 mg ,,,,,
,,,,,,Timolol,,,,,
,,,,,,GLIMEPIRIDE+METFORMIN,,,,,
,,,,,,GLIMEPIRIDE+METFORMIN ,,,,,
,,,,,,METFORMIN,,,,,
,,,,,,METFORMIN,,,,,
,,,,,,GLIMEPIRIDE+METFORMIN ,,,,,
,,,,,,GLIMEPIRIDE+METFORMIN ,,,,,
,,,,,,GLIMEPIRIDE+METFORMIN ,,,,,
,,,,,,GLIMEPIRIDE+METFORMIN ,,,,,
,,,,,,Glimepiride + metformin,,,,,
,,,,,,Metformin,,,,,
,,,,,,Metformin,,,,,
,,,,,,Metformin,,,,,
,,,,,,Glycerol,,,,,
,,,,,,Gliclazide 80 mg+ metformin 500 mg.,,,,,
,,,,,,Gliclazide+Metformin+Pioglitazone ,,,,,
,,,,,,Metformin + Gliclazide,,,,,
,,,,,,Metformin,,,,,
,,,,,,Glimepiride 1 MG+Metformin 1000 MG,,,,,
,,,,,,Glimepiride 1 MG+Metformin 500 MG,,,,,
,,,,,,Glimepiride 2 MG+Metformin 1000 MG,,,,,
,,,,,,Glimepiride 2 MG+Metformin 500 MG,,,,,
,,,,,,Glimepiride(1mg)+Metformin(500mg)+Pioglitazone(7.5mg),,,,,
,,,,,,Glimepiride(1mg)+Metformin(500mg)+Pioglitazone(15mg),,,,,
,,,,,,Glimepiride 1 mg+ pioglitazone 15 mg+ metformin hydrochloride (SR) 500 mg,,,,,
,,,,,,Glimepiride 2 mg+ pioglitazone 15 mg+ metformin hydrochloride (SR) 500 mg,,,,,
,,,,,,Metformin,,,,,
,,,,,,Metformin,,,,,
,,,,,,Metformin Hydrochloride,,,,,
,,,,,,Dextromethorphan,,,,,
,,,,,,Dextromethorphan,,,,,
,,,,,,Dextromethorphan,,,,,
,,,,,,Metformin,,,,,
,,,,,,Metformin,,,,,
,,,,,,Metformin,,,,,
,,,,,,Metformin hydrochloride (SR) + glimepiride.,,,,,
,,,,,,Glimepiride + metformin,,,,,
,,,,,,Metformin hydrochloride (SR) + glimepiride.,,,,,
,,,,,,Metformin,,,,,
,,,,,,Glimepiride + metformin,,,,,
,,,,,,Glipizide + metformin,,,,,
,,,,,,Glipizide + metformin,,,,,
,,,,,,,,,,,
,,,,,,,,,,,
,,,,,,Alfacalcidol+ Calcium Carbonate,,,,,
,,,,,,,,,,,
,,,,,,Metronidazole + norfloxacin,,,,,
,,,,,,Metronidazole + norfloxacin,,,,,
,,,,,,Nalidixic Acid,,,,,
,,,,,,Nalidixic Acid,,,,,
,,,,,,Granisetron,,,,,
,,,,,,Whey protein,,,,,
,,,,,,Whey protein,,,,,
,,,,,,Cefpodoxmine Proxetil,,,,,
,,,,,,Vitamin C 75 mg+ calcium lactate 300 mg+ ferrous gluconate 67 mg+ menadione 0.66 mg+ citrus bioflavonoids 150 mg.,,,,,
,,,,,,Ferric ammonium citrate 160 mg+ folic acid 0.5 mg+ cupric sulphate 30 mcg+ manganese sulphate 30 mcg+,,,,,
,,,,,,Colloidal intravenous,,,,,
,,,,,,Halobetasol,,,,,
,,,,,,Halobetasol,,,,,
,,,,,,,,,,,
,,,,,,Hydroxychloroquine,,,,,
,,,,,,,,,,,
,,,,,,,,,,,
,,,,,,Folic acid 1.5 mg+ ferrous fumarate 200 mg+ cupric sulphate 2.5 mg+ manganese sulphate 2.5 mg.,,,,,
,,,,,,,,,,,
,,,,,,Ferrous Glysine Sulphate(iron tonic),,,,,
,,,,,,Ferrous Glysine Sulphate(iron tonic),,,,,
,,,,,,L-ornithine-L-aspartate,,,,,
,,,,,,L-ornithine-L-aspartate,,,,,
,,,,,,L-ornithine-L-aspartate,,,,,
,,,,,,Iron Tonic,,,,,
,,,,,,Ayurvedic ,,,,,
,,,,,,DIETHYL CARBAMAZINE CITRATE,,,,,
,,,,,,Hydroquinone 0.2 %+Tretinoin 0.025 %+Mometasone furoate 0.1 %,,,,,
,,,,,,Mometasone furoate+ clotrimazole,,,,,
,,,,,,Aceclofenac,,,,,
,,,,,,Aceclofenac,,,,,
,,,,,,Aceclofenac+ Paracetamol+,,,,,
,,,,,,Aceclofenac,,,,,
,,,,,,Thiocolchicoside 4 MG+Aceclofenac 100 MG,,,,,
,,,,,,,,,,,
,,,,,,Ayurvedic ,,,,,
,,,,,,Ayurvedic ,,,,,
,,,,,,Ranitidine,,,,,
,,,,,,Ranitidine,,,,,
,,,,,,Ranitidine,,,,,
,,,,,,,,,,,
,,,,,,Tetracycline,,,,,
,,,,,,,,,,,
,,,,,,Omeprazole (2 ec-caps) 20 mg+ amoxicillin (2 fc-tabs) 750 mg+ tinidazole (2 fc-tabs) 500 mg.,,,,,
,,,,,,Human Insulin,,,,,
,,,,,,Human Insulin,,,,,
,,,,,,Human Insulin,,,,,
,,,,,,Human Insulin,,,,,
,,,,,,Human Insulin,,,,,
,,,,,,HYDROGEN PEROXIDE,,,,,
,,,,,,HYDROGEN PEROXIDE,,,,,
,,,,,,Diphenhydramine,,,,,
,,,,,,Ibuprofen + paracetamol,,,,,
,,,,,,Ibuprofen + paracetamol,,,,,
,,,,,,Ibuprofen + paracetamol,,,,,
,,,,,,Ibuprofen + paracetamol,,,,,
,,,,,,Ibuprofen + paracetamol,,,,,
,,,,,,Ibuprofen + paracetamol,,,,,
,,,,,,Clotrimazole,,,,,
,,,,,,Clotrimazole,,,,,
,,,,,,Loperamide hydrochloride,,,,,
,,,,,,Ivabradine,,,,,
,,,,,,Telmisartan 40 mg Hydrochlorothiazide 12.5 mg,,,,,
,,,,,,Indomethacin,,,,,
,,,,,,Paracetamol,,,,,
,,,,,,,,,,,
,,,,,,,,,,,
,,,,,,Human Insulin,,,,,
,,,,,,Human Insulin,,,,,
,,,,,,Coal tar 4.25 % w/v+ salicylic acid 2 % w/v.,,,,,
,,,,,,Timolol Maleate,,,,,
,,,,,,Isosorbide mononitrate,,,,,
,,,,,,,,,,,
,,,,,,Isotretinoin.,,,,,
,,,,,,,,,,,
,,,,,,Nimba 5% v/v+ Sobhanjana 5% v/v+ Bhringaraj 5% vlv+ Punarnava 7.5%,,,,,
,,,,,,,,,,,
,,,,,,,,,,,
,,,,,,Ivermectin,,,,,
,,,,,,Ivermectin,,,,,
,,,,,,Ciprofoxacin,,,,,
,,,,,,Esomeprazole,,,,,
,,,,,,Vildagliptin.,,,,,
,,,,,,Vildagliptin 50 MG+Metformin 1000 MG,,,,,
,,,,,,Vildagliptin 50 MG+Metformin 500 MG,,,,,
,,,,,,Sitagliptin/metformin HCl,,,,,
,,,,,,Sitagliptin/metformin HCl,,,,,
,,,,,,Sitagliptin,,,,,
,,,,,,,,,,,
,,,,,,Lansoprazole,,,,,
,,,,,,Carboxymethylcellulose Sodium 0.5% ,,,,,
,,,,,,Cefaclor,,,,,
,,,,,,Triamcinalone acetonide,,,,,
,,,,,,Triamcinalone acetonide,,,,,
,,,,,,Triamcinalone acetonide,,,,,
,,,,,,Ketorolac,,,,,
,,,,,,Ketorolac tromethamine,,,,,
,,,,,,Ketorolac tromethamine + Ofloxacin,,,,,
,,,,,,Ketoconazole and Zinc Pyrithione,,,,,
,,,,,,Ketorolac + Gatifloxacin,,,,,
,,,,,,Ketorolac,,,,,
,,,,,,,,,,,
,,,,,,,,,,,
,,,,,,,,,,,
,,,,,,,,,,,
,,,,,,,,,,,
,,,,,,,,,,,
,,,,,,Ayurvedic ,,,,,
,,,,,,Ayurvedic ,,,,,
,,,,,,Vitamins D3 Supplement,,,,,
,,,,,,Ketoconazole,,,,,
,,,,,,Light Kaolin Castor Oil Aqua,,,,,
,,,,,,Light Kaolin Castor Oil Aqua,,,,,
,,,,,,Lamotrigine,,,,,
,,,,,,Lansoprazole,,,,,
,,,,,,Paracetamol,,,,,
,,,,,,Digoxin ,,,,,
,,,,,,Human Insulin,,,,,
,,,,,,Lansoprazole,,,,,
,,,,,,Lansoprazole,,,,,
,,,,,,Chloroquine,,,,,
,,,,,,Chloroquine,,,,,
,,,,,,Chloroquine,,,,,
,,,,,,Chloroquine,,,,,
,,,,,,Chloroquine,,,,,
,,,,,,Chloroquine,,,,,
,,,,,,Frusemide/Spironolactone,,,,,
,,,,,,Frusemide,,,,,
,,,,,,Frusemide,,,,,
,,,,,,Frusemide,,,,,
,,,,,,Frusemide,,,,,
,,,,,,Latanoprost.,,,,,
,,,,,,,,,,,
,,,,,,Levofloxacin ,,,,,
,,,,,,Levofloxacin+ Ornidazole ,,,,,
,,,,,,Montelukast 10 MG+Levocetirizine 5 MG.,,,,,
,,,,,,Levocetirizine,,,,,
,,,,,,Levocetirizine+ Paracetamol+ Ambroxol+ Phenylpropanolamine.,,,,,
,,,,,,Leflunomide 10mg,,,,,
,,,,,,Leflunomide 20mg,,,,,
,,,,,,Levocetirizine,,,,,
,,,,,,Levosulpiride.,,,,,
,,,,,,Levosulpiride.,,,,,
,,,,,,Levetiracetam,,,,,
,,,,,,Levetiracetam,,,,,
,,,,,,Levetiracetam,,,,,
,,,,,,Levetiracetam,,,,,
,,,,,,Levetiracetam,,,,,
,,,,,,Levetiracetam,,,,,
,,,,,,LEVOFLOXACIN 500MG,,,,,
,,,,,,Levofloxacin,,,,,
,,,,,,Levofloxacin,,,,,
,,,,,,Levofloxacin,,,,,
,,,,,,Levofloxacin,,,,,
,,,,,,LEVOFLOXACIN 750MG,,,,,
,,,,,,Levosalbutamol,,,,,
,,,,,,Levosalbutamol,,,,,
,,,,,,Levosalbutamol,,,,,
,,,,,,Levosalbutamol,,,,,
,,,,,,Chlordiazepoxide + clidiniol,,,,,
,,,,,,Chlordiazepoxide,,,,,
,,,,,,Lithium Carbonate,,,,,
,,,,,,,,,,,
,,,,,,Vitamin c supplement,,,,,
,,,,,,Vitamin c supplement,,,,,
,,,,,,Linezolid,,,,,
,,,,,,Linezolid,,,,,
,,,,,,Baclofen,,,,,
,,,,,,Fenofibrate,,,,,
,,,,,,Fenofibrate,,,,,
,,,,,,Atorvastatin,,,,,
,,,,,,Atorvastatin,,,,,
,,,,,,Atorvastatin 10mg,,,,,
,,,,,,Atorvastatin 40mg,,,,,
,,,,,,Lisinopril,,,,,
,,,,,,Thymol 0.064%+ Eucalyptol 0.092%+ Methyl Salicylate 0.060% ,,,,,
,,,,,,Lisinopril,,,,,
,,,,,,Lisinopril,,,,,
,,,,,,Lisinopril,,,,,
,,,,,,Ayurvedic ,,,,,
,,,,,,Ayurvedic ,,,,,
,,,,,,Ayurvedic ,,,,,
,,,,,,Ayurvedic ,,,,,
,,,,,,Ayurvedic ,,,,,
,,,,,,Ayurvedic ,,,,,
,,,,,,Ayurvedic ,,,,,
,,,,,,Ayurvedic ,,,,,
,,,,,,Silymarin 140 mg+ L-glutathione 15 mg+ N-acetylcysteine 50 mg+ L-carnitine tartrate 15 mg+ co-enzymeQ10 2.5 mg+ L-ornithine 50 mg+ L-lysine 25 mg+ choline bitartrate 50 mg+ inositol 50 mg+ artichoke 50 mg+ natural mixed carotenoids 1 mg+ vit D3 5 mcg+ vit E 15 mg+ vit C 75 mg+ selenium 75 mg+ Zn 7.5 mg+ manganese 2 mg+ copper 0.5 mg+ Fe 3 mg+ vit B1 5 mg+ vit B2 3 mg+ niacin 9 mg+ vit B6 5 mg+ folic acid 250 mcg+ vit B12 15 mcg+ pantothenic acid 10 mg,,,,,
,,,,,,Herbal Liver Tonic,,,,,
,,,,,,Herbal Liver Tab,,,,,
,,,,,,Elemental iron 15 MG+Folic acid 250 MCG,,,,,
,,,,,,Elemental iron 15 MG+Folic acid 250 MCG,,,,,
,,,,,,Elemental iron 100 mg+ folic acid 1.5 mg+ zinc sulphate monohydrate 61.8 mg.,,,,,
,,,,,,Fe fumarate+ Folic Acid+ Zn Sulphate.,,,,,
,,,,,,Lactulose,,,,,
,,,,,,Lactulose,,,,,
,,,,,,Lactulose,,,,,
,,,,,,CLOBETASOL,,,,,
,,,,,,Miconazole+ Clobetasol Propionate+ Gentamicin,,,,,
,,,,,,Miconazole+ Clobetasol Propionate+ Gentamicin,,,,,
,,,,,,Sulphacetamide,,,,,
,,,,,,Sulphacetamide,,,,,
,,,,,,Sulphacetamide,,,,,
,,,,,,Bisoprolol Fumarate+Hydrochlorothiazide,,,,,
,,,,,,Hydroquinone + Tretinoin + Mometasone,,,,,
,,,,,,Clonazepam,,,,,
,,,,,,Lactulose,,,,,
,,,,,,,,,,,
,,,,,,,,,,,
,,,,,,,,,,,
,,,,,,Loratadine+ ambroxol hydrochloride,,,,,
,,,,,,Loratadine,,,,,
,,,,,,Loratadine,,,,,
,,,,,,Hydrochlorothiazide/losartan potassium,,,,,
,,,,,,Losartan,,,,,
,,,,,,Losartan potassium 50 mg+ Amlodipine 5 mg.,,,,,
,,,,,,Hydrochlorothiazide 12.5 MG+Losartan 50 MG.,,,,,
,,,,,,,,,,,
,,,,,,,,,,,
,,,,,,,,,,,
,,,,,,,,,,,
,,,,,,Sodium carboxy methyl cellulose +Stabilised oxychloro compound,,,,,
,,,,,,Sodium carboxy methyl cellulose 0.5% +Stabilised oxychloro compound 0.005%,,,,,
,,,,,,Ayurvedic ,,,,,
,,,,,,Artemether,,,,,
,,,,,,Lincomycin,,,,,
,,,,,,Methylprednisolone,,,,,
,,,,,,Pyrazinamide 1500 MG,,,,,
,,,,,,Cefixime,,,,,
,,,,,,Primaquine,,,,,
,,,,,,Sildenafil Citrate. ,,,,,
,,,,,,Sildenafil Citrate. ,,,,,
,,,,,,Sildenafil Citrate. ,,,,,
,,,,,,Sildenafil Citrate. ,,,,,
,,,,,,Sildenafil Citrate. ,,,,,
,,,,,,Sildenafil Citrate. ,,,,,
,,,,,,Sildenafil Citrate. ,,,,,
,,,,,,Sildenafil Citrate. ,,,,,
,,,,,,Sildenafil Citrate. ,,,,,
,,,,,,Sildenafil Citrate. ,,,,,
,,,,,,Sildenafil Citrate. ,,,,,
,,,,,,Sildenafil Citrate. ,,,,,
,,,,,,Sildenafil Citrate. ,,,,,
,,,,,,Sildenafil Citrate. ,,,,,
,,,,,,Sildenafil Citrate. ,,,,,
,,,,,,Fluticasone propionate,,,,,
,,,,,,Chlorpheniramine-phenylephrine,,,,,
,,,,,,Carbamazepine,,,,,
,,,,,,Carbamazepine,,,,,
,,,,,,Mebendazole,,,,,
,,,,,,Mebendazole,,,,,
,,,,,,Mebeverine,,,,,
,,,,,,Methylcobalamin,,,,,
,,,,,,Mecobalamin 1500 mcg+ alpha lipoic acid 100 mg+ folic acid 1.5 mg+ thiamine mononitrate 10 mg,,,,,
,,,,,,Mecobalamin,,,,,
,,,,,,Methylprednisolone,,,,,
,,,,,,Mefenamic Acid + Paracetamol,,,,,
,,,,,,Mefenamic Acid + Paracetamol,,,,,
,,,,,,Mefenamic Acid + Paracetamol,,,,,
,,,,,,Mefenamic Acid + Paracetamol,,,,,
,,,,,,Mefenamic Acid + Paracetamol,,,,,
,,,,,,Mefenamic Acid + Paracetamol,,,,,
,,,,,,Mefenamic Acid,,,,,
,,,,,,Mefenamic Acid,,,,,
,,,,,,Mefenamic Acid,,,,,
,,,,,,Mefenamic Acid,,,,,
,,,,,,Mefenamic Acid+ Paracetamol,,,,,
,,,,,,Mefenamic Acid+ Paracetamol,,,,,
,,,,,,Mefenamic Acid,,,,,
,,,,,,Dicyclomine Hydrochloride+ Mefenamic Acid ,,,,,
,,,,,,Dicyclomine Hydrochloride+ Mefenamic Acid ,,,,,
,,,,,,Mefenamic Acid,,,,,
,,,,,,Mefenamic Acid,,,,,
,,,,,,Dicyclomine Hydrochloride+ Mefenamic Acid ,,,,,
,,,,,,Dicyclomine Hydrochloride+ Mefenamic Acid ,,,,,
,,,,,,Dicyclomine Hydrochloride+ Mefenamic Acid ,,,,,
,,,,,,Mefenamic Acid ,,,,,
,,,,,,Mefenamic Acid ,,,,,
,,,,,,Mefenamic Acid ,,,,,
,,,,,,diclofenac + paracetamol,,,,,
,,,,,,Soya isoflavonoids + glavridin tetrahydro,,,,,
,,,,,,Hydroquinone + threatenin 783,,,,,
,,,,,,Hydroquinone,,,,,
,,,,,,Hydroquinone,,,,,
,,,,,,Clonazepam(0.25 Mg),,,,,
,,,,,,Ayurvedic ,,,,,
,,,,,,Ayurvedic ,,,,,
,,,,,,Ayurvedic ,,,,,
,,,,,,,,,,,
,,,,,,Merocrit,,,,,
,,,,,,Mesalamine,,,,,
,,,,,,Mometasone,,,,,
,,,,,,Mometasone 0.1 %+ hydroquinone 2 %+ tretinoin 0.025 %.,,,,,
,,,,,,Not Available,,,,,
,,,,,,Metoprolol 25 MG,,,,,
,,,,,,Metoprolol 25 MG,,,,,
,,,,,,Metronidazole ,,,,,
,,,,,,Metronidazole ,,,,,
,,,,,,Metronidazole ,,,,,
,,,,,,Metronidazole ,,,,,
,,,,,,Metronidazole ,,,,,
,,,,,,Metronidazole ,,,,,
,,,,,,Metronidazole + povidone iodine,,,,,
,,,,,,Naphazoline hydrochloride 0.1 %+ chlorpheniramine maleate 0.01 %+ cellulose 0.2 %.,,,,,
,,,,,,Not Available,,,,,
,,,,,,Propranolol Hydrochloride ,,,,,
,,,,,,Propranolol Hydrochloride ,,,,,
,,,,,,Propranolol Hydrochloride ,,,,,
,,,,,,Amikacin sulphate ,,,,,
,,,,,,Amikacin sulphate ,,,,,
,,,,,,Prazosin hydrochloride.,,,,,
,,,,,,Minoxidil,,,,,
,,,,,,Minoxidil,,,,,
,,,,,,Minoxidil,,,,,
,,,,,,Hydroxypropyl methylcellulose 0.7 % w/v+ borax 0.19 % w/v+ boric acid 0.19 % w/v+ sodium chloride 0.45 % w/v+ potassium chloride 0.37 % w/v.,,,,,
,,,,,,Human Insulin,,,,,
,,,,,,Human Insulin,,,,,
,,,,,,Human Insulin,,,,,
,,,,,,Chlorzoxazone 500 mg+ diclofenac sodium 50 mg+ paracetamol 500 mg,,,,,
,,,,,,Chlorzoxazone 500 mg+ diclofenac sodium 50 mg+ paracetamol 500 mg,,,,,
,,,,,,Mometasone,,,,,
,,,,,,Mometasone,,,,,
,,,,,,Isosorbide 5-mononitrate.,,,,,
,,,,,,Isosorbide 5-mononitrate.,,,,,
,,,,,,CEFTRIAXONE,,,,,
,,,,,,CEFTRIAXONE,,,,,
,,,,,,CEFTRIAXONE,,,,,
,,,,,,CEFTRIAXONE,,,,,
,,,,,,Cefpodoxmine Proxetil,,,,,
,,,,,,Cefpodoxmine Proxetil,,,,,
,,,,,,Cefpodoxmine Proxetil,,,,,
,,,,,,Cefpodoxmine Proxetil,,,,,
,,,,,,Isosorbide Mononitrate,,,,,
,,,,,,Montelukast+ Fexofenadine hydrochloride ,,,,,
,,,,,,Montelukast+ Fexofenadine hydrochloride ,,,,,
,,,,,,Montelukast+ Levocetirizine,,,,,
,,,,,,Montelukast+ Levocetirizine,,,,,
,,,,,,Montelukast 10 mg+ Bambuterol 10 mg,,,,,
,,,,,,Montelukast,,,,,
,,,,,,Montelukast,,,,,
,,,,,,Montelukast,,,,,
,,,,,,Montelukast+ Levocetirizine dihydrochloride,,,,,
,,,,,,Montelukast+Levocetirizine+Ambroxol ,,,,,
,,,,,,Montelukast+Levocetirizine+Ambroxol ,,,,,
,,,,,,Montelukast 10 mg+ levocetirizine dihydrochloride 5 mg.,,,,,
,,,,,,Nilgiri tel (eucalyptus oil),,,,,
,,,,,,Nilgiri tel (eucalyptus oil),,,,,
,,,,,,Nilgiri tel (eucalyptus oil),,,,,
,,,,,,Minoxidil,,,,,
,,,,,,Minoxidil and finasteride,,,,,
,,,,,,Amoxicillin,,,,,
,,,,,,Amoxicillin,,,,,
,,,,,,Amoxicillin + Clavulanic Acid.,,,,,
,,,,,,Moxifloxacin,,,,,
,,,,,,Moxifloxacin,,,,,
,,,,,,Amoxicillin+Clavulanic acid,,,,,
,,,,,,Amoxicillin+Clavulanic acid,,,,,
,,,,,,Amoxicillin+Clavulanic acid,,,,,
,,,,,,Aluminium hydroxide 0.291 MG+Magnesium hydroxide 98 MG+Oxetacaine 10 MG,,,,,
,,,,,,Aluminium hydroxide 0.291 MG+Magnesium hydroxide 98 MG+Oxetacaine 10 MG,,,,,
,,,,,,Acetylcysteine,,,,,
,,,,,,Ethambutol,,,,,
,,,,,,Ethambutol,,,,,
,,,,,,Ethambutol,,,,,
,,,,,,Ethambutol,,,,,
,,,,,,Clotrimazole ,,,,,
,,,,,,Clotrimazole ,,,,,
,,,,,,Thiocolchicide,,,,,
,,,,,,Nadifloxacin ,,,,,
,,,,,,Nadifloxacin,,,,,
,,,,,,Domperidone+ Naproxen,,,,,
,,,,,,Naproxen,,,,,
,,,,,,Naproxen,,,,,
,,,,,,Oxymetazoline,,,,,
,,,,,,Oxymetazoline,,,,,
,,,,,,Oxymetazoline. ,,,,,
,,,,,,Saline Nasal Solution,,,,,
,,,,,,Nebivolol 5 mg+ S-amlodipine 2.5 mg. ,,,,,
,,,,,,Nebivolol 5 mg+ S-amlodipine 2.5 mg. ,,,,,
,,,,,,Nebivolol 2.5 mg+ S-amlodipine 2.5 mg. ,,,,,
,,,,,,Nebivolol+ S Amlodipine ,,,,,
,,,,,,n-acetylcysteine 150 mg+ taurine 500 mg. ,,,,,
,,,,,,Esomeprazole magnesium ,,,,,
,,,,,,Alcohol 0.95ml/15ml+ Cal phos 32mg+ Iodised peptone 29mg+ Mag chl 20mg+ Mag sulp 4mg+ Phosp acid 120mg+ Sod metvandat 0.66mg+ Vit A,,,,,
,,,,,,Carbimazole,,,,,
,,,,,,Mecobalamine,,,,,
,,,,,,Mecobalamine,,,,,
,,,,,,Folic acid+ mecobalamine+pyridoxine+alphalipoic,,,,,
,,,,,,Pregabalin+ Alpha Lipoic Acid+Methylcobalamin,,,,,
,,,,,,,,,,,
,,,,,,Stanozolol,,,,,
,,,,,,Vitamin B1 (thiamine mononitrate)+ vitamin B6,,,,,
,,,,,,Thiamine hydrochloride 100 mg+ riboflavin sodium phosphate 5 mg+ pyridoxine hydrochloride 100 mg+ cyanocobalamin 1000 mcg+ nicotinamide 100 mg+ D-panthenol 50 mg.,,,,,
,,,,,,Calcium Pantothenate+ Cyanocobalamin+ Nicotinamide+ Pyridoxine+ Thiamine,,,,,
,,,,,,Mecobalamin 750 mcg+ pyridoxine hydrochloride 1.5 mg+ nicotinamide 45 mg. ,,,,,
,,,,,,Escitalopram oxalate 5 mg+ clonazepam 0.5 mg. ,,,,,
,,,,,,Cilnidipine,,,,,
,,,,,,Esomeprazole Magnesium,,,,,
,,,,,,Esomeprazole Magnesium,,,,,
,,,,,,Esomeprazole Magnesium,,,,,
,,,,,,Esomeprazole Magnesium + domperidone.,,,,,
,,,,,,Esomeprazole Magnesium + domperidone.,,,,,
,,,,,,Nifedipine,,,,,
,,,,,,Nicorandil,,,,,
,,,,,,Nicorandil,,,,,
,,,,,,Nicorandil,,,,,
,,,,,,Nimesulide,,,,,
,,,,,,Nimesulide,,,,,
,,,,,,Nimesulide,,,,,
,,,,,,Paracetamol+aceclofenac+serratiopeptidase,,,,,
,,,,,,Nimesulide,,,,,
,,,,,,Nimesulide,,,,,
,,,,,,,,,,,
,,,,,,Nitazoxanide,,,,,
,,,,,,Mefenamic Acid+Paracetamol,,,,,
,,,,,,Nimesulide betacyclodextrin 100 mg+ acetaminophen 500 mg. ,,,,,
,,,,,,Metronidazole + norfloxacin,,,,,
,,,,,,Metronidazole + norfloxacin,,,,,
,,,,,,Norfloxacin,,,,,
,,,,,,Norfloxacin,,,,,
,,,,,,Norfloxacin,,,,,
,,,,,,Norfloxacin,,,,,
,,,,,,Norfloxacin,,,,,
,,,,,,Norfloxacin + Tinidazole,,,,,
,,,,,,Norfloxacin + Tinidazole,,,,,
,,,,,,Metronidazole+ Norfloxacin,,,,,
,,,,,,Amoxicillin+ Cloxacillin,,,,,
,,,,,,Amoxicillin+ dicloxacillin+ lactobacillus sporogenes,,,,,
,,,,,,Paracetamol 650 mg+ caffeine 50 mg,,,,,
,,,,,,Amoxicillin,,,,,
,,,,,,Amoxicillin,,,,,
,,,,,,Amoxicillin,,,,,
,,,,,,Amoxicillin + Clavulanic Acid.,,,,,
,,,,,,Amoxicillin + Clavulanic Acid.,,,,,
,,,,,,Amoxicillin,,,,,
,,,,,,Amoxicillin,,,,,
,,,,,,Amoxicillin,,,,,
,,,,,,Amoxicillin,,,,,
,,,,,,Amoxicillin,,,,,
,,,,,,Human Insulin,,,,,
,,,,,,Human Insulin,,,,,
,,,,,,Human Insulin,,,,,
,,,,,,Human Insulin,,,,,
,,,,,,Repaglinide.,,,,,
,,,,,,Repaglinide.,,,,,
,,,,,,Repaglinide.,,,,,
,,,,,,Insulin aspart 100 IU,,,,,
,,,,,,Insulin aspart 100 IU,,,,,
,,,,,,Insulin aspart 100 IU,,,,,
,,,,,,Insulin aspart,,,,,
,,,,,,Etoricoxib,,,,,
,,,,,,Etoricoxib,,,,,
,,,,,,Etoricoxib 60 mg+ thiocolchicoside 8 mg,,,,,
,,,,,,,,,,,
,,,,,,Mecobalamin,,,,,
,,,,,,Mecobalamin 1.5 mg+ folic acid 1.5 mg+ vitamin B6 3 mg+ alpha lipoic acid ,,,,,
,,,,,,Mecobalamin 1000 mcg+ pyridoxine hydrochloride 100 mg+ nicotinamide ,,,,,
,,,,,, Cyanocobalamin+ Folic Acid ,,,,,
,,,,,, Cyanocobalamin+ Folic Acid ,,,,,
,,,,,, Cyanocobalamin+ Folic Acid ,,,,,
,,,,,,Multi Vitamin and Multi Mineral+Calcium+ Zinc,,,,,
,,,,,,Ofloxacin+ ornidazole.,,,,,
,,,,,,Ofloxacin+ ornidazole.,,,,,
,,,,,,Omeprazole,,,,,
,,,,,,Omeprazole,,,,,
,,,,,,Omeprazole + Domperidone,,,,,
,,,,,,Polymyxin-B sulphate 10000 IU+ chloramphenicol 10 mg+,,,,,
,,,,,,Polymyxin-B sulphate 10000 IU+ chloramphenicol 10 mg+,,,,,
,,,,,,Acyclovir,,,,,
,,,,,,Acyclovir,,,,,
,,,,,,Acyclovir,,,,,
,,,,,,Cefadroxil,,,,,
,,,,,,Cefadroxil,,,,,
,,,,,,Cefadroxil,,,,,
,,,,,,Cefadroxil,,,,,
,,,,,,Cefadroxil,,,,,
,,,,,,Cefadroxil,,,,,
,,,,,,Cefadroxil,,,,,
,,,,,,Cefadroxil,,,,,
,,,,,,Ofloxacin,,,,,
,,,,,,Ofloxacin,,,,,
,,,,,,Ofloxacin,,,,,
,,,,,,Ofloxacin,,,,,
,,,,,,Ofloxacin + Metronidazole,,,,,
,,,,,,Ofloxacin + Metronidazole,,,,,
,,,,,,Ofloxacin + ornidazole.,,,,,
,,,,,,Ofloxacin,,,,,
,,,,,,Ofloxacin,,,,,
,,,,,,Ofloxacin,,,,,
,,,,,,Ofloxacin,,,,,
,,,,,,Ofloxacin,,,,,
,,,,,,Ofloxacin,,,,,
,,,,,,Ofloxacin + Tinidazole ,,,,,
,,,,,,Ofloxacin+ dexamethasone,,,,,
,,,,,,Ofloxacin + ornidazole ,,,,,
,,,,,,,,,,,
,,,,,,,,,,,
,,,,,,Olmesartan + hydrochlorothiazide,,,,,
,,,,,,Olmesartan medoxomil 20 mg+ amlodipine 5 mg. ,,,,,
,,,,,,Olmesartan + hydrochlorothiazide,,,,,
,,,,,,Olmesartan,,,,,
,,,,,,Olmesartan + hydrochlorothiazide,,,,,
,,,,,,Olmesartan,,,,,
,,,,,,Olmesartan,,,,,
,,,,,,Olmesartan,,,,,
,,,,,,Olmesartan medoxomil+ amlodipine. ,,,,,
,,,,,,Olmesartan and hydrochlorothiazide ,,,,,
,,,,,,Olmesartan and hydrochlorothiazide ,,,,,
,,,,,,Olmesartan medoxomil+Chlortalidone.,,,,,
,,,,,,Olmesartan medoxomil 20 mg+ hydrochlorothiazide 12.5 mg.,,,,,
,,,,,,Omeprazole,,,,,
,,,,,,Omeprazole + domperidone,,,,,
,,,,,,Prednisolone,,,,,
,,,,,,Prednisolone,,,,,
,,,,,,Prednisolone,,,,,
,,,,,,Prednisolone,,,,,
,,,,,,Prednisolone,,,,,
,,,,,,Prednisolone,,,,,
,,,,,,Prednisolone,,,,,
,,,,,,Cefixime,,,,,
,,,,,,Cefixime,,,,,
,,,,,,Cefixime + Clavulanic Acid,,,,,
,,,,,,Cefixime,,,,,
,,,,,,Sertaconazole nitrate,,,,,
,,,,,,Ondansetron.,,,,,
,,,,,,Ayurvedic Preparation,,,,,
,,,,,,Niacinamn 100mg+ Vit B-1 100mg+ Vit B-12 1000mcg+ Vit B-2 5mg+ Vit B-6 100mg+ d-panthen 50mg/3ml+,,,,,
,,,,,,Zinc sulphate monohydrate 27.5 mg+ vitamin B6 3 mg+ vitamin B12 15 mcg+ folic acid 1 mg+ chromium ,,,,,
,,,,,,CHLORHEXIDINE.,,,,,
,,,,,,Cefuroxime,,,,,
,,,,,,Cefuroxime,,,,,
,,,,,,Sulfamethizole ... Sulphamethoxazole+ Trimetazidine,,,,,
,,,,,,Ornidazole ,,,,,
,,,,,,Ornidazole ,,,,,
,,,,,,Ornidazole 500 mg and ofloxacin 200 mg,,,,,
,,,,,,Ferrous Ascorbate+ Folic Acid,,,,,
,,,,,,Ferrous Ascorbate+ Folic Acid,,,,,
,,,,,,Ferrous Ascorbate+ Folic Acid,,,,,
,,,,,,Ferrous Ascorbate+ Folic Acid,,,,,
,,,,,,Ferrous Ascorbate+ Folic Acid,,,,,
,,,,,,Calcium/vitamin b12/vitamin d3),,,,,
,,,,,,Calcium Phosphate,,,,,
,,,,,,Chloramphenicol/Beclomethasone Dipropionate/Clotrimazole/Lignocaine.,,,,,
,,,,,,Ofloxacin 0.3 % w/v+ beclometasone dipropionate 0.025 % w/v+ clotrimazole 1 % w/v+ lidocaine 2 % w/v. ,,,,,
,,,,,,Xylometazoline Hydrochloride,,,,,
,,,,,,L-Methylfolate(0.500 Mg) + Inositol(1000 Mg) + N-Acetylcysteine(600 Mg) + Vitamin D3(500 IU),,,,,
,,,,,,Norgestrel 0.5 mg+ ethinyl estradiol 0.05 mg. ,,,,,
,,,,,,Diclofenac sodium 10 mg+ methylsalicylate 150 mg+ menthol 50 mg/1 g.,,,,,
,,,,,,Diclofenac sodium 10 mg+ methylsalicylate 150 mg+ menthol 50 mg/1 g.,,,,,
,,,,,,Diclofenac+ Paracetamol ,,,,,
,,,,,,Oxcarbazepine,,,,,
,,,,,,Oxcarbazepine,,,,,
,,,,,,AYurvedic ,,,,,
,,,,,,Paracetamol ,,,,,
,,,,,,Paracetamol ,,,,,
,,,,,,Trihexiphenidyl(2 mg),,,,,
,,,,,,,,,,,
,,,,,,,,,,,
,,,,,,,,,,,
,,,,,,Pantoprazole,,,,,
,,,,,,Pantoprazole,,,,,
,,,,,,Domperidone+ Pantoprazole.,,,,,
,,,,,,Pantoprazole + domperidone,,,,,
,,,,,,Clobetasol Propionate+Ofloxacin+Ornidazole+Terbinafine,,,,,
,,,,,,Domperidone+ Pantoprazole.,,,,,
,,,,,,Pantoprazole Sodium and Sustained Release Levosulpiride,,,,,
,,,,,,Pantoprazole 40 MG,,,,,
,,,,,,Domperidone+ Pantoprazole.,,,,,
,,,,,,Pantoprazole,,,,,
,,,,,,Pantoprazole,,,,,
,,,,,,Pantoprazole+ domperidone (SR),,,,,
,,,,,,Pantoprazole,,,,,
,,,,,,Pantoprazole,,,,,
,,,,,,Pantoprazole + domperidone,,,,,
,,,,,,Chloramphenicol,,,,,
,,,,,,Chloramphenicol,,,,,
,,,,,,Chloramphenicol,,,,,
,,,,,,Paroxetine 37.5 MG,,,,,
,,,,,,,,,,,
,,,,,,,,,,,
,,,,,,,,,,,
,,,,,,Triclofos Sodium,,,,,
,,,,,,Sildenafil Citrate,,,,,
,,,,,,Sildenafil Citrate,,,,,
,,,,,,Sildenafil Citrate,,,,,
,,,,,,Benzathine penicillin 1200000 U,,,,,
,,,,,,Benzathine penicillin 1200000 U,,,,,
,,,,,,Penicillin G sodium,,,,,
,,,,,,Penicillin G sodium,,,,,
,,,,,,Metoclopramide ,,,,,
,,,,,,Metoclopramide ,,,,,
,,,,,,Metoclopramide ,,,,,
,,,,,,Permethrin,,,,,
,,,,,,Promethazine HCl. ,,,,,
,,,,,,Promethazine HCl. ,,,,,
,,,,,,Promethazine HCl. ,,,,,
,,,,,,Promethazine,,,,,
,,,,,,Promethazine,,,,,
,,,,,,Cephalexin,,,,,
,,,,,,Cephalexin,,,,,
,,,,,,Cephalexin,,,,,
,,,,,,Vitamin B12,,,,,
,,,,,,Octinoxate 7.5 % w/w+ avobenzone 2 % w/w+ oxybenzone 3 % w/w+ octocrylene 3 ,,,,,
,,,,,,,,,,,
,,,,,,,,,,,
,,,,,,,,,,,
,,,,,,,,,,,
,,,,,,Ayurvedic -,,,,,
,,,,,,Ayurvedic ,,,,,
,,,,,,Pilocarpine Nitrate,,,,,
,,,,,,Chlorpheniramine maleate 4 mg+ dextromethorphan 10 mg/5 mL,,,,,
,,,,,,Chlorpheniramine maleate 4 mg+ dextromethorphan 10 mg/5 mL,,,,,
,,,,,,Fresh Human Placenta ,,,,,
,,,,,,Fresh human placental extract,,,,,
,,,,,,Thiamine Mononitrate 10 mg,,,,,
,,,,,,Pyridoxine hydrochloride 3 mg+ nicotinamide 100 mg+ cyanocobalamin 15 mcg+ folic acid 1500 mcg+ chromium picolinate 250 mcg+ Elemental selenium 100 mcg+ zinc sulphate monohydrate 61.8 mg.,,,,,
,,,,,,Thiamine Mononitrate 10 mg,,,,,
,,,,,,Thiamine Mononitrate 10 mg,,,,,
,,,,,,Thiamine Mononitrate 10 mg,,,,,
,,,,,,Thiamine Mononitrate 10 mg,,,,,
,,,,,,Cyanocobalamin 2 MCG+L-lysine 375 MG+Niacinamide 15 MG+Pyridoxine 0.75 MG,,,,,
,,,,,,Cefpodoxime Proxetil,,,,,
,,,,,,,,,,,
,,,,,,,,,,,
,,,,,,,,,,,
,,,,,,,,,,,
,,,,,,Cyproheptadine ,,,,,
,,,,,,Prednisolone,,,,,
,,,,,,Methylprednisolone ,,,,,
,,,,,,Female Pregnancy card,,,,,
,,,,,,Pregabalin.,,,,,
,,,,,,Meclizine hydrochloride,,,,,
,,,,,,Hydrocortisone,,,,,
,,,,,,Hydrocortisone,,,,,
,,,,,,Primrose Oil,,,,,
,,,,,,Primrose Oil,,,,,
,,,,,,Hydrocortisone + Cinchocaine Hydrochloride,,,,,
,,,,,,Fluoxetine,,,,,
,,,,,,Metoprolol tartrate+ amlodipine.,,,,,
,,,,,,Metoprolol tartrate+ amlodipine.,,,,,
,,,,,,Clobetasol propionate 0.05 % w/w+ salicylic acid 3.5 ,,,,,
,,,,,,Clobetasol propionate 0.05 % w/w+ salicylic acid 3.5 ,,,,,
,,,,,,Clobetasol propionate 0.05 % w/w+ salicylic acid 3.5 ,,,,,
,,,,,,Carboprost,,,,,
,,,,,,Dexamethasone/Chloramphenicol,,,,,
,,,,,,Pyrazinamide,,,,,
,,,,,,Pyrazinamide,,,,,
,,,,,,Pyrazinamide,,,,,
,,,,,,Pyrazinamide,,,,,
,,,,,,Pyrazinamide,,,,,
,,,,,,Beclomethasone+Clotrimazole+Neomycin,,,,,
,,,,,,Beclomethasone+Clotrimazole+Neomycin,,,,,
,,,,,,Domperidone + Rabeprazole,,,,,
,,,,,,Rabeprazole,,,,,
,,,,,,Rabeprazole,,,,,
,,,,,,Rabeprazole,,,,,
,,,,,,Itopride+ Rabeprazole,,,,,
,,,,,,Domperidone + Rabeprazole,,,,,
,,,,,,Domperidone + Rabeprazole,,,,,
,,,,,,Rabeprazole sodium+ levosulpiride (SR),,,,,
,,,,,,Ramipril,,,,,
,,,,,,Ramipril,,,,,
,,,,,,Ramipril 5 mg+ Atorvastatin 10 mg+ Aspirin (EC) 75 mg,,,,,
,,,,,,Ranitidine,,,,,
,,,,,,Ranitidine,,,,,
,,,,,,Ranitidine,,,,,
,,,,,,Ranitidine,,,,,
,,,,,,Domperidone 15 MG+Omeprazole 20 MG,,,,,
,,,,,,Domperidone 15 MG+Omeprazole 20 MG,,,,,
,,,,,,Rabeprazole + Domperidone,,,,,
,,,,,,Ferrous gluconate 259 mg+ folic acid 2.5 mg+ dibasic calcium phosphate 100 mg+ vitamin B12 2.5 mg+ zinc sulphate 33 mg.,,,,,
,,,,,,Isoniazid/Rifampin,,,,,
,,,,,,Rifampicin,,,,,
,,,,,,Rifampicin,,,,,
,,,,,,Rifampicin,,,,,
,,,,,,Isoniazid/Rifampin,,,,,
,,,,,,Isoniazid/Rifampin,,,,,
,,,,,,Isoniazid/Rifampin,,,,,
,,,,,,Isoniazid/Rifampin,,,,,
,,,,,,Rifampicin 225 mg+ isoniazid 150 mg+ pyrazinamide 750 mg+ ethambutol hydrochloride 400 mg.,,,,,
,,,,,,Triprolidine hydrochloride 2.5 mg+ phenylephrine 5 mg+ paracetamol 500mg,,,,,
,,,,,,Vitamins B Supplement,,,,,
,,,,,,Carboxy-methylcellulose sodium,,,,,
,,,,,,Carboxy-methylcellulose sodium,,,,,
,,,,,,Folic acid+ mecobalamin+ vitamin B6+ alpha lipoic acid,,,,,
,,,,,,Folic acid+ mecobalamin+ vitamin B6+ alpha lipoic acid,,,,,
,,,,,,,,,,,
,,,,,,Ayurvedic ,,,,,
,,,,,,Losartan,,,,,
,,,,,,Tetracycline,,,,,
,,,,,,Ginseng+ Vitamins+ Minerals,,,,,
,,,,,,Ginseng+ Vitamins+ Minerals,,,,,
,,,,,,Not Available,,,,,
,,,,,,Rifampicin 150 mg+ isoniazid 100 mg+ ethambutol 275 mg.,,,,,
,,,,,,,,,,,
,,,,,,,,,,,
,,,,,,,,,,,
,,,,,,,,,,,
,,,,,,Metformin,,,,,
,,,,,,Metformin,,,,,
,,,,,,Metformin,,,,,
,,,,,,Clonazepam,,,,,
,,,,,,Rizatriptan,,,,,
,,,,,,Rosuvastatin,,,,,
,,,,,,Rosuvastatin 10 mg+ clopidogrel 75 mg,,,,,
,,,,,,Rosuvastatin,,,,,
,,,,,,Rosuvastatin,,,,,
,,,,,,Rosuvastatin+ Fenofibrate.,,,,,
,,,,,,Rosuvastatin,,,,,
,,,,,,Ferrous ascorbate+Folic acid+Vitamin B12. ,,,,,
,,,,,,Ferrous ascorbate+Folic acid+Vitamin B12. ,,,,,
,,,,,,Ferrous ascorbate+Folic acid+Vitamin B12. ,,,,,
,,,,,,Ayurvedic ,,,,,
,,,,,,Ayurvedic ,,,,,
,,,,,,Ayurvedic ,,,,,
,,,,,,Insulin aspart 2.56 MG+Insulin degludec 100 U /ML,,,,,
,,,,,,,,,,,
,,,,,,Salbutamol,,,,,
,,,,,,Salbutamol,,,,,
,,,,,,Propyphenazone+ paracetamol+ caffeine.,,,,,
,,,,,,Salicylic acid ,,,,,
,,,,,,Satranidazole,,,,,
,,,,,,Sulfasalazine,,,,,
,,,,,,Ketoconazole and Zinc Pyrithione,,,,,
,,,,,,Cod liver oil,,,,,
,,,,,,Cod liver oil,,,,,
,,,,,,Secnidazole,,,,,
,,,,,,Amlodipine 2.5 MG+Metoprolol 25 MG.,,,,,
,,,,,,Glibenclamide,,,,,
,,,,,,Glibenclamide,,,,,
,,,,,,,,,,,
,,,,,,Potassium Nitrate+ Sodium monofluorophosphate,,,,,
,,,,,,Potassium Nitrate+ Sodium monofluorophosphate,,,,,
,,,,,,Amoxicillin + Clavulanic Acid.,,,,,
,,,,,,,,,,,
,,,,,,Peppermint+ Karpura (Cinnamomum Camphora)+ LF Satva ,,,,,
,,,,,,Ayurvedic ,,,,,
,,,,,,Sulfamethoxazole and trimethoprim,,,,,
,,,,,,Haloperidol,,,,,
,,,,,,Haloperidol,,,,,
,,,,,,Sertraline,,,,,
,,,,,,Salmeterol,,,,,
,,,,,,Salmeterol,,,,,
,,,,,,Salmeterol,,,,,
,,,,,,Sertraline hydrochloride,,,,,
,,,,,,Sertraline hydrochloride,,,,,
,,,,,,,,,,,
,,,,,,Elemental calcium 500 MG+Vitamin D3 500 IU.,,,,,
,,,,,,Elemental calcium 500 MG+Vitamin D3 500 IU.,,,,,
,,,,,,Calcium 500mg + Alfacalcidol 0.25mcg,,,,,
,,,,,,Elemental calcium 500 MG+Vitamin D3 500 IU.,,,,,
,,,,,,Calcium carbonate + vitamin d3,,,,,
,,,,,,Elemental calcium 500 mg+ calcitriol 0.25 mcg. ,,,,,
,,,,,,Lidocaine/hydrocortisone,,,,,
,,,,,,Flunarizine,,,,,
,,,,,,Aceclofenac + paracetamol,,,,,
,,,,,,Zinc oxide 7.5 % w/w+ dimethicone 20 % w/w+ calamine 1.5 % w/w+ cetrimide 1.125 % w/w.,,,,,
,,,,,,Silver Nitrate(0.2 % W/w),,,,,
,,,,,,Silver Nitrate(0.2 % W/w),,,,,
,,,,,,Silymarin,,,,,
,,,,,,Oxymetazoline hydrochloride,,,,,
,,,,,,Acetaminophen+ chlorpheniramine+ and pseudoephedrine,,,,,
,,,,,,Risperidone,,,,,
,,,,,,0,,,,,
,,,,,,Oleoresin capsicum+ methyl salicylate+ menthol+ oil of white camphor+ pine+ turpentine+ eucalyptus.,,,,,
,,,,,,Oleoresin capsicum+ methyl salicylate+ menthol+ oil of white camphor+ pine+ turpentine+ eucalyptus.,,,,,
,,,,,,Oleoresin capsicum+ methyl salicylate+ menthol+ oil of white camphor+ pine+ turpentine+ eucalyptus.,,,,,
,,,,,,Oleoresin capsicum+ methyl salicylate+ menthol+ oil of white camphor+ pine+ turpentine+ eucalyptus.,,,,,
,,,,,,S-amlodipine.,,,,,
,,,,,,Framycetin sulphate,,,,,
,,,,,,Framycetin sulphate 1 % w/w+ clotrimazole 1 % w/w+ dexamethasone acetate 0.1 % w/w,,,,,
,,,,,,Framycetin sulphate,,,,,
,,,,,,Framycetin sulphate,,,,,
,,,,,,Laxative,,,,,
,,,,,,Laxative,,,,,
,,,,,,Laxative,,,,,
,,,,,,Isoniazid,,,,,
,,,,,,Isoniazid,,,,,
,,,,,,Ambroxol+Chlorpheniramine maleate+Guaifenesin+Paracetamol+Phenylephrine,,,,,
,,,,,,Phenylephrine+bromhexine,,,,,
,,,,,,Esomeprazole (EC) 40 mg+ levosulpiride (SR) 75 mg.,,,,,
,,,,,,Esomeprazole,,,,,
,,,,,,Domperidone+ Esomeprazole,,,,,
,,,,,,Rabeprazole,,,,,
,,,,,,Rabeprazole + Domperidone,,,,,
,,,,,,Rabeprazole 20 MG+Levosulpiride 75 MG,,,,,
,,,,,,Rabeprazole 20 MG+Levosulpiride 75 MG,,,,,
,,,,,,Rabeprazole 20 MG+Levosulpiride 75 MG,,,,,
,,,,,,Isosorbide mononitrate,,,,,
,,,,,,Isosorbide mononitrate,,,,,
,,,,,,Isosorbide mononitrate,,,,,
,,,,,,Sparfloxacin,,,,,
,,,,,,Dicyclomine,,,,,
,,,,,,Acetaminophen+ Dextropropoxyphene+ Dicyclomine (Dicycloverine).,,,,,
,,,,,,Ayurvedic ,,,,,
,,,,,,Cephalexin ,,,,,
,,,,,,Cephalexin ,,,,,
,,,,,,Cephalexin ,,,,,
,,,,,,Cephalexin ,,,,,
,,,,,,,,,,,
,,,,,,Cephalexin,,,,,
,,,,,,Cephalexin,,,,,
,,,,,,Clonezapam+ Escitalopram,,,,,
,,,,,,Amlodipine,,,,,
,,,,,,Amlodipine + atenolol ,,,,,
,,,,,,Telmisartan+Metoprolol,,,,,
,,,,,,Atorvastatin,,,,,
,,,,,,,,,,,
,,,,,,Prochlorperazine,,,,,
,,,,,,Prochlorperazine,,,,,
,,,,,,Prochlorperazine,,,,,
,,,,,,Zinc chloride+ cetrimide+ tannic,,,,,
,,,,,,Isodium monofluorophosphate+ zinc ,,,,,
,,,,,,Isodium monofluorophosphate+ zinc ,,,,,
,,,,,,Magnesium citrate solution and Potassium citrate,,,,,
,,,,,,ATORVASTATIN 80 MG,,,,,
,,,,,,ATORVASTATIN 40 MG,,,,,
,,,,,,Atorvastatin,,,,,
,,,,,,Atorvastatin,,,,,
,,,,,,Ayurvedic ,,,,,
,,,,,,Cinnarizine,,,,,
,,,,,,Cinnarizine,,,,,
,,,,,,Ayurvedic ,,,,,
,,,,,,,,,,,
,,,,,,Piroxicam,,,,,
,,,,,,,,,,,
,,,,,,Nimesulide,,,,,
,,,,,,Nimesulide,,,,,
,,,,,,Octyl methoxycinnamate,,,,,
,,,,,,Octyl methoxycinnamate 7.5 %W/W+Avobenzone 2 %W/W+Oxybenzone 3 %W/W+Zinc oxide 2 %W/W,,,,,
,,,,,,Vitamin D3,,,,,
,,,,,,Metoprolol 25 MG,,,,,
,,,,,,Metoprolol,,,,,
,,,,,,Multivitamin+Multimineral,,,,,
,,,,,,Isoxsuprine hydrochloride ,,,,,
,,,,,,Clotrimozole I.P.1.0% w/w. Batamethasone .0.05% w/w. Neomycin Sulphate I.P. 0.5% w/w,,,,,
,,,,,,Progesterone,,,,,
,,,,,,Progesterone,,,,,
,,,,,,Progesterone,,,,,
,,,,,,Progesterone,,,,,
,,,,,,Ciprofloxacin HCl,,,,,
,,,,,,Clarithromycin ,,,,,
,,,,,,Carbidopa-Levodopa,,,,,
,,,,,,Carbidopa-Levodopa,,,,,
,,,,,,Carbidopa-Levodopa,,,,,
,,,,,,Paracetamol,,,,,
,,,,,,Ayurvedic ,,,,,
,,,,,,Cefotaxime,,,,,
,,,,,,Cefotaxime,,,,,
,,,,,,Cefotaxime,,,,,
,,,,,,Cefotaxime,,,,,
,,,,,,Cefotaxime,,,,,
,,,,,,Cefotaxime,,,,,
,,,,,,Cefotaxime,,,,,
,,,,,,Telmisartan+Amlodipine,,,,,
,,,,,,Telmisartan,,,,,
,,,,,,Telmisartan,,,,,
,,,,,,Carboxymethylcellose sodium,,,,,
,,,,,,1 mg dextran 70 and 3 mg hydroxypropyl methylcellulose+,,,,,
,,,,,,1 mg dextran 70 and 3 mg hydroxypropyl methylcellulose+,,,,,
,,,,,,1 mg dextran 70 and 3 mg hydroxypropyl methylcellulose+,,,,,
,,,,,,Levocetirizine,,,,,
,,,,,,Montelukast 10 MG,,,,,
,,,,,,Montelukast 10 MG,,,,,
,,,,,,Montelukast+ levocetirizine dihydrochloride,,,,,
,,,,,,Montelukast 10 MG+Theophylline 400 MG,,,,,
,,,,,,Telmisartan,,,,,
,,,,,,Telmisartan ,,,,,
,,,,,,Telmisartan+Hydrochlorothiazide,,,,,
,,,,,,Telmisartan 80 mg+ Amlodipine 5 mg. ,,,,,
,,,,,,Telmisartan 40 mg+ hydrochlorothiazide 12.5 mg,,,,,
,,,,,,Telmisartan,,,,,
,,,,,,Telmisartan 80 mg.,,,,,
,,,,,,Telmisartan 40 mg+ hydrochlorothiazide 12.5 mg+ amlodipine 5 mg.,,,,,
,,,,,,Telmisartan+ chlorthalidone,,,,,
,,,,,,Telmisartan,,,,,
,,,,,,Telmisartan+ amlodipine. ,,,,,
,,,,,,Telmisartan+ amlodipine. ,,,,,
,,,,,,Telmisartan + hydrochlorothiazide,,,,,
,,,,,,Telmisartan + metoprolol.,,,,,
,,,,,,Telmisartan + metoprolol.,,,,,
,,,,,,Telmisartan + metoprolol tartrate ,,,,,
,,,,,,Telmisartan + metoprolol tartrate ,,,,,
,,,,,, Telmisartan,,,,,
,,,,,, Telmisartan,,,,,
,,,,,, Telmisartan,,,,,
,,,,,, TELMISARTAN 40MG + HYDROCHLOROTHIAZIDE 12.5MG,,,,,
,,,,,,,,,,,
,,,,,,,,,,,
,,,,,,Atenolol,,,,,
,,,,,,Atenolol,,,,,
,,,,,,Atenolol/Chlorthalidone,,,,,
,,,,,,Atenolol.,,,,,
,,,,,,Atenolol.,,,,,
,,,,,,Atenolol.,,,,,
,,,,,,Atenolol,,,,,
,,,,,,Clobetasol propionate ,,,,,
,,,,,,Clobetasol propionate+ Neomycin,,,,,
,,,,,,Clobetasol propionate+ Miconazole,,,,,
,,,,,,Clobetasol propionate+ Neomycin+ Miconazole,,,,,
,,,,,,Ayurvedic ,,,,,
,,,,,,Ayurvedic ,,,,,
,,,,,,Tenofovir,,,,,
,,,,,,Terramycin,,,,,
,,,,,,Terramycin,,,,,
,,,,,,monosulfiram,,,,,
,,,,,,Tranexamic Acid,,,,,
,,,,,,Tranexamic Acid,,,,,
,,,,,,Salbutamol+ Theophylline,,,,,
,,,,,,Salbutamol+ Theophylline,,,,,
,,,,,,Salbutamol+ Theophylline,,,,,
,,,,,,Triclosan+ Potassium Nitrate+Sodium Monofluoro Phosphate,,,,,
,,,,,,Heparin Sodium ,,,,,
,,,,,,,,,,,
,,,,,,Levothyroxine sodium,,,,,
,,,,,,Levothyroxine sodium,,,,,
,,,,,,Levothyroxine sodium,,,,,
,,,,,,Levothyroxine sodium,,,,,
,,,,,,Levothyroxine sodium,,,,,
,,,,,,Levothyroxine sodium,,,,,
,,,,,,Levothyroxine sodium,,,,,
,,,,,,LEVOTHYROXINE SODIUM,,,,,
,,,,,,LEVOTHYROXINE SODIUM,,,,,
,,,,,,Tinidazole,,,,,
,,,,,,,,,,,
,,,,,,Glycerol,,,,,
,,,,,, Tobramycin,,,,,
,,,,,, Tobramycin,,,,,
,,,,,,Atorvastatin,,,,,
,,,,,,Atorvastatin,,,,,
,,,,,,Atorvastatin+Aspirin,,,,,
,,,,,,Colloidal Iron equivalent to elemental iron 25mg Lysine Hydrochlride USP,,,,,
,,,,,,Colloidal Iron equivalent to elemental iron 25mg Lysine Hydrochlride USP,,,,,
,,,,,,Ferrous succinate 200 mg+ succinic acid 210 mg+ folic acid 400 mcg.,,,,,
,,,,,,Famotidine,,,,,
,,,,,,Famotidine,,,,,
,,,,,,,,,,,
,,,,,,Chrono Sodium valproate ,,,,,
,,,,,,Codeine+CPM,,,,,
,,,,,,Tramadol hydrochloride,,,,,
,,,,,,Tramadol hydrochloride,,,,,
,,,,,,Tramadol,,,,,
,,,,,,,,,,,
,,,,,,,,,,,
,,,,,,Insulin Degludec(100 iu),,,,,
,,,,,,Amoxycillin+Clavulanic acid,,,,,
,,,,,,Pioglitazone,,,,,
,,,,,,Triamcinolone acetonide,,,,,
,,,,,,Dicyclomine Hydrochloride+ Paracetamol ,,,,,
,,,,,,Glimepiride + metformin,,,,,
,,,,,,Alprazolam,,,,,
,,,,,,Vitamin B1 100 mg+ vitamin B6 50 mg+ vitamin B12 1000 mcg+ D-panthenol 50 mg/1 mL.,,,,,
,,,,,,Calcium,,,,,
,,,,,,Amitriptyline(10 mg),,,,,
,,,,,,Amitriptyline(10 mg),,,,,
,,,,,,Minoxidil,,,,,
,,,,,,Bromhexine HCl IP 8 mg Guaiphenesin IP 100 mg ,,,,,
,,,,,,Bromhexine HCl IP 8 mg Guaiphenesin IP 100 mg ,,,,,
,,,,,,Bromhexine HCl IP 8 mg Guaiphenesin IP 100 mg ,,,,,
,,,,,,Bromhexine HCl IP 8 mg Guaiphenesin IP 100 mg ,,,,,
,,,,,,Dextromethorphan,,,,,
,,,,,,Dextromethorphan,,,,,
,,,,,,Dextromethorphan,,,,,
,,,,,,Phenylephrine 5 mg Chlorpheniramine Maleate 2 mg Dextromethorphan Hydrobromide 15 mg,,,,,
,,,,,,Phenylephrine 5 mg Chlorpheniramine Maleate 2 mg Dextromethorphan Hydrobromide 15 mg,,,,,
,,,,,,Terbutaline Sulphate+ Ambroxol+ Guaiphenesin+ Menthol+,,,,,
,,,,,, Magaldrate+ Oxetacaine+ Simethicone ,,,,,
,,,,,,Tramadol and acetaminophen,,,,,
,,,,,,Diethylcarbamazine 250 mg+ chlorpheniramine maleate 5 mg,,,,,
,,,,,,Pepsin (60mg) + fungal diastase (100mg) + activated charcoal (75mg).,,,,,
,,,,,,Ethinylestradiol(0.03 Mg) + Levonorgestrel(0.15 Mg),,,,,
,,,,,,Levonorgestrel,,,,,
,,,,,,Levonorgestrel,,,,,
,,,,,,Cholecalciferol ,,,,,
,,,,,,Tramadol + paracetamol,,,,,
,,,,,,Febuxostat 40 MG,,,,,
,,,,,,Nitrofurantoin,,,,,
,,,,,,Nitrofurantoin,,,,,
,,,,,,Tamsulosin,,,,,
,,,,,,Tamsulosin,,,,,
,,,,,,Tamsulosin + dutasteride,,,,,
,,,,,,Bethanechol chloride ,,,,,
,,,,,,Miconazole,,,,,
,,,,,,Valacyclovir,,,,,
,,,,,,Chrono Sodium valproate ,,,,,
,,,,,,VALPROIC ACID,,,,,
,,,,,,Sodium Valproate,,,,,
,,,,,,Sodium Valproate,,,,,
,,,,,,,,,,,
,,,,,,Ergotamine tartrate 1 mg+ caffeine 100 mg,,,,,
,,,,,,Ergotamine tartrate 1 mg+ caffeine 100 mg,,,,,
,,,,,,,,,,,
,,,,,,Salbutamol 2 mg+ guaifenesin 100 mg/10 mL.,,,,,
,,,,,,Betahistine,,,,,
,,,,,,Betahistine,,,,,
,,,,,,Betahistine,,,,,
,,,,,,Vitamin B1 2 mg+ vitamin B2 1 mg+ vitamin B6 1 mg+ niacinamide 10 mg+ D-panthenol 3 mg+ vitamin E 1.5 mg+ vitamin C 40 mg+ vitamin A 1000 IU+ vitamin D2 200 IU+ sugar 0.6 g+ biotin 20 mcg+ carbohydrates 0.6 g+ protein 0.015 g+ fat 0.007 g.,,,,,
,,,,,,Zinc+ Vitamin B1 2 mg+ vitamin B2 1 mg+ vitamin B6 1 mg+ niacinamide 10 mg+ D-panthenol 3 mg+ vitamin E 1.5 mg+ vitamin C 40 mg+ vitamin A 1000 IU+ vitamin D2 200 IU+ sugar 0.6 g+ biotin 20 mcg+ carbohydrates 0.6 g+ protein 0.015 g+ fat 0.007 g.,,,,,
,,,,,,Zinc+ Vitamin B1 2 mg+ vitamin B2 1 mg+ vitamin B6 1 mg+ niacinamide 10 mg+ D-panthenol 3 mg+ vitamin E 1.5 mg+ vitamin C 40 mg+ vitamin A 1000 IU+ vitamin D2 200 IU+ sugar 0.6 g+ biotin 20 mcg+ carbohydrates 0.6 g+ protein 0.015 g+ fat 0.007 g.,,,,,
,,,,,,Vitamin A,,,,,
,,,,,,Caraway Oil 400 mcg Cardamom Oil 400 mg Diastase 20 mg Cinamon Oil 200 mg,,,,,
,,,,,,Fungal Diastase 40 mg Caraway Oil 500 mcg Cardamom Oil 400 mcg Cinamon Oil 250 mcg,,,,,
,,,,,,Ferrous fumarate 300 mg+ folic acid 0.75 mg+ vitamin B12 7.5 mcg+ vitamin B6 1.5 mg+ zinc sulphate 7.5 mg.,,,,,
,,,,,,Ferrous fumarate 300 mg+ folic acid 0.75 mg+ vitamin B12 7.5 mcg+ vitamin B6 1.5 mg+ zinc sulphate 7.5 mg.,,,,,
,,,,,,Thiamine hydrochloride 2.5 mg+ riboflavin 2.5 mg+ pyridoxine hydrochloride 0.75 mg+ nicotinamide 22.5 mg+ folic acid 0.5 mg+ D-panthenol 2.5 mg+ lactobacillus sporogenes 40 million cells.,,,,,
,,,,,,Thiamine hydrochloride 2.5 mg+ riboflavin 2.5 mg+ pyridoxine hydrochloride 0.75 mg+ nicotinamide 22.5 mg+ folic acid 0.5 mg+ D-panthenol 2.5 mg+ lactobacillus sporogenes 40 million cells.,,,,,
,,,,,,Thiamine hydrochloride 2.5 mg+ riboflavin 2.5 mg+ pyridoxine hydrochloride 0.75 mg+ nicotinamide 22.5 mg+ folic acid 0.5 mg+ D-panthenol 2.5 mg+ lactobacillus sporogenes 40 million cells.,,,,,
,,,,,,,,,,,
,,,,,,,,,,,
,,,,,,DICLOFENAC,,,,,
,,,,,,DICLOFENAC,,,,,
,,,,,,DICLOFENAC,,,,,
,,,,,,DICLOFENAC,,,,,
,,,,,,Capsaicin 0.025 %W/W+Diclofenac 1 %W/W+Linseed oil 3 %W/W+Menthol 5 %W/W+Methyl salicylate 10 %W/W,,,,,
,,,,,,Ondansetron,,,,,
,,,,,,Ondansetron,,,,,
,,,,,,Diclofenac sodium,,,,,
,,,,,,Diclofenac sodium,,,,,
,,,,,,,,,,,
,,,,,,Colistin sulfate,,,,,
,,,,,,Colistin sulfate,,,,,
,,,,,,Warfarin Sodium,,,,,
,,,,,,Paracetamol+ phenylephrine hcl,,,,,
,,,,,,Paracetamol 500 mg+ caffeine 16 mg+ chlorpheniramine maleate 2 mg+ phenylephrine hydrochloride 5 ,,,,,
,,,,,,,,,,,
,,,,,,,,,,,
,,,,,,,,,,,
,,,,,,,,,,,
,,,,,,Prednisolone,,,,,
,,,,,,Prednisolone,,,,,
,,,,,,Prednisolone,,,,,
,,,,,,Prednisolone,,,,,
,,,,,,Levocetirizine,,,,,
,,,,,,Zinc sulphate,,,,,
,,,,,,Ofloxacin,,,,,
,,,,,,Ofloxacin,,,,,
,,,,,,Ofloxacin,,,,,
,,,,,,Ofloxacin,,,,,
,,,,,,Clonazepam,,,,,
,,,,,,Clonazepam,,,,,
,,,,,,Azithromycin ,,,,,
,,,,,,Azithromycin ,,,,,
,,,,,,Azithromycin ,,,,,
,,,,,,Azithromycin ,,,,,
,,,,,,Bromhexine hydrochloride 4 mg+ dextromethorphan hydrobromide 5 mg+ phenylephrine 5 mg+ menthol 2.5 mg/5 mL.,,,,,
,,,,,,Bromhexine hydrochloride 4 mg+ dextromethorphan hydrobromide 5 mg+ phenylephrine 5 mg+ menthol 2.5 mg/5 mL.,,,,,
,,,,,,Bromhexine hydrochloride 4 mg+ dextromethorphan hydrobromide 5 mg+ phenylephrine 5 mg+ menthol 2.5 mg/5 mL.,,,,,
,,,,,,Racecadotril,,,,,
,,,,,,CARBAMAZEPINE,,,,,
,,,,,,Ofloxacin + Cefixime,,,,,
,,,,,,Flavoxate+ Ofloxacin ,,,,,
,,,,,,Carbamazepine,,,,,
,,,,,,Aceclofenac,,,,,
,,,,,,Aceclofenac,,,,,
,,,,,,Aceclofenac+ Paracetamol+ Tizanidine,,,,,
,,,,,,Cefixime,,,,,
,,,,,,Cefixime,,,,,
,,,,,,Cefixime,,,,,
,,,,,,Cefixime,,,,,
,,,,,,Cefixime,,,,,
,,,,,,Cefixime,,,,,
,,,,,,Cefixime 200 mg+ Azithromycin 250 mg.,,,,,
,,,,,,Cefixime 200 mg+ Azithromycin 250 mg.,,,,,
,,,,,,Cefixime + Clavulanic Acid,,,,,
,,,,,,Cefixime,,,,,
,,,,,,Cefixime+ dicloxacillin and lactobacillus ,,,,,
,,,,,,Cefixime+ dicloxacillin and lactobacillus ,,,,,
,,,,,,Cefixime,,,,,
,,,,,,Cefixime,,,,,
,,,,,,Cefixime and linezolid.,,,,,
,,,,,,Cefixime 200 mg+ ofloxacin 200 mg.,,,,,
,,,,,,Diclofenac potassium+ serratiopeptidase.,,,,,
,,,,,,vitamin A 1000 IU+ vitamin D3 200 IU+ vitamin E 2.5 IU+ vitamin B1 0.8 mg,,,,,
,,,,,,vitamin A 1000 IU+ vitamin D3 200 IU+ vitamin E 2.5 IU+ vitamin B1 0.8 mg,,,,,
,,,,,,vitamin A 5000 IU+ vitamin D3 400 IU+ vitamin E 15 mg,,,,,
,,,,,,Ranitidine,,,,,
,,,,,,Ranitidine,,,,,
,,,,,,Cefpodoxime,,,,,
,,,,,,Cefpodoxime,,,,,
,,,,,,Cefpodoxime,,,,,
,,,,,,Cefpodoxime + Clavulanic Acid,,,,,
,,,,,,Cefpodoxime,,,,,
,,,,,,Azithromycin,,,,,
,,,,,,Cefuroxime,,,,,
,,,,,,Cefuroxime,,,,,
,,,,,,Cefuroxime,,,,,
,,,,,,Fluconazole,,,,,
,,,,,,Fluconazole,,,,,
,,,,,,Fluconazole,,,,,
,,,,,,Alprazolam,,,,,
,,,,,,Alprazolam,,,,,
,,,,,,Miconazole Nitrate+ Flucinozole Acetonide.,,,,,
,,,,,,Miconazole Nitrate+ Flucinozole Acetonide.,,,,,
,,,,,,Zolpidem,,,,,
,,,,,,Zolpidem,,,,,
,,,,,,Metformin,,,,,
,,,,,,Glimepiride + Metformin,,,,,
,,,,,,Glimepiride + Metformin,,,,,
,,,,,,Glimepiride + Metformin,,,,,
,,,,,,Glimepiride + Metformin,,,,,
,,,,,,Glimepiride + Metformin,,,,,
,,,,,,Glimepiride + Metformin.,,,,,
,,,,,,Glimepiride + Metformin.,,,,,
,,,,,,Ciprofloxacin,,,,,
,,,,,,Ciprofloxacin,,,,,
,,,,,,Ciprofloxacin,,,,,
,,,,,,Ciprofloxacin + Dexamethasone,,,,,
,,,,,,Allopurinol 100 mg,,,,,
,,,,,,Metolazone,,,,,
